NCID,NameC,NameE,NameF,Pinyin,PYA,Strokes,Description,ICF2,IDF2,TF2,MAX2,Boy,Girl,ScoreC,ScoreMax,ScoreAvg,ScoreMin,ScoreStd,IsFree
618,晓婷,晓,婷,Xiao Ting,XT,22,诗词，晓日影娉婷。,647,2981,79254,5423,0.0031,0.9969,83,96,88,79,5.1728,100
898,晓晨,晓,晨,Xiao Chen,XC,21,诗词，晓行晨星多。,608,2851,57058,4929,0.3687,0.6313,81,96,87,79,4.9971,101
923,佳慧,佳,慧,Jia Hui,JH,23,诗词，儿佳女慧更堪娱。,615,2728,55340,4294,0.059,0.941,84,96,88,79,5.0441,11
945,思敏,思,敏,Si Min,SM,20,成语，才思敏捷。,543,2479,54016,3964,0.2153,0.7847,81,96,87,79,5.2506,101
1203,晓倩,晓,倩,Xiao Qian,XQ,20,诗词，相映晓妆容倩。,554,2453,42736,2765,0.0086,0.9914,82,96,88,79,4.9242,101
1101,雪婷,雪,婷,Xue Ting,XT,23,诗词，冰魂雪态自娉婷。,558,2424,46929,3612,0.0013,0.9987,82,96,86,79,5.0131,101
1017,思佳,思,佳,Si Jia,SJ,17,诗词，思佳人兮难忘。,544,2401,50382,5435,0.1974,0.8026,81,96,86,78,5.3789,101
1114,佳欣,佳,欣,Jia Xin,JX,16,诗词，佳士欣相识。,581,2399,46494,4879,0.1813,0.8187,84,96,88,79,5.1144,101
1651,晓颖,晓,颖,Xiao Ying,XY,23,诗词，晓暮鲛珠上颖芒。,502,2383,31710,2316,0.0568,0.9432,84,96,89,79,4.7055,10
1383,文佳,文,佳,Wen Jia,WJ,12,诗词，雄文佳句盛唐风。,529,2334,37604,2536,0.3062,0.6938,81,96,87,77,5.3391,101
1220,欣然,欣,然,Xin Ran,XR,20,成语，欣然自得。,607,2333,42078,4398,0.28,0.72,80,96,85,77,5.2501,101
1476,晓莹,晓,莹,Xiao Ying,XY,20,诗词，晓色莹然。,503,2295,35429,2147,0.0226,0.9774,84,96,89,79,4.6807,100
1679,晓晴,晓,晴,Xiao Qing,XQ,22,诗词，薄雷轻雨晓晴初。,515,2290,31303,1787,0.0535,0.9465,81,96,88,79,4.5767,101
1229,雅文,雅,文,Ya Wen,YW,16,诗词，典雅文章众口传。,566,2249,41573,3042,0.1583,0.8417,82,96,86,77,5.4337,101
1359,可心,可,心,Ke Xin,KX,9,成语，可心如意。,578,2224,37967,3534,0.3596,0.6404,79,95,83,76,4.4795,101
1577,雨薇,雨,薇,Yu Wei,YW,24,诗词，满溪春雨长春薇。,558,2223,33189,2952,0.0032,0.9968,83,96,87,79,4.8105,101
1540,佳敏,佳,敏,Jia Min,JM,19,诗词，玉笺佳句敏惊鸿。,523,2202,33815,1906,0.1721,0.8279,82,96,88,79,5.2312,11
1737,雨晨,雨,晨,Yu Chen,YC,19,诗词，萧萧空雨晨光润。,571,2190,30466,2409,0.2666,0.7334,81,96,87,79,4.8347,101
1694,雨辰,雨,辰,Yu Chen,YC,15,诗词，南国清和烟雨辰。,566,2173,30990,1947,0.3823,0.6177,81,96,87,79,4.8067,101
1566,佳宁,佳,宁,Jia Ning,JN,13,诗词，门有佳儿真宁馨。,529,2157,33339,2732,0.3387,0.6613,81,96,87,78,5.352,101
2111,雅君,雅,君,Ya Jun,YJ,19,诗词，风雅如君希有。,479,2153,25361,2247,0.03,0.97,83,96,88,79,5.0008,101
1469,梦琪,梦,琪,Meng Qi,MQ,23,诗词，别来频梦琪花发。,596,2142,35504,2702,0.0507,0.9493,82,96,86,79,5.048,101
1408,佳颖,佳,颖,Jia Ying,JY,21,诗词，佳谷垂金颖。,524,2080,36974,5202,0.0412,0.9588,84,96,88,80,4.9628,101
1772,文雅,文,雅,Wen Ya,WY,16,成语，雍容文雅。,505,2069,29667,1884,0.0646,0.9354,80,96,87,78,5.2911,101
2238,雪晴,雪,晴,Xue Qing,XQ,23,诗词，窗外梅花照雪晴。,524,2063,24077,1823,0.0225,0.9775,80,96,85,79,4.6158,101
1358,雨涵,雨,涵,Yu Han,YH,19,诗词，烟雨涵芳姿。,593,2048,38096,2878,0.1191,0.8809,82,96,88,79,4.7591,101
1686,冰洁,冰,洁,Bing Jie,BJ,15,成语，冰清玉洁。,507,2022,31138,2107,0.0215,0.9785,82,96,84,78,4.6798,100
1809,慧婷,慧,婷,Hui Ting,HT,27,诗词，男生聪慧女娉婷。,491,2021,29143,1597,0.0007,0.9993,82,96,87,79,4.9789,10
1978,文倩,文,倩,Wen Qian,WQ,14,诗词，文思曼倩足三冬。,495,2019,26757,1843,0.0145,0.9855,81,96,87,79,5.0866,101
2026,佳音,佳,音,Jia Yin,JY,17,诗词，山水有佳音。,491,2012,26241,2309,0.0861,0.9139,78,96,86,78,4.3009,101
1603,诗雨,诗,雨,Shi Yu,SY,16,诗词，催诗雨满畦。,558,1980,32510,2458,0.4471,0.5529,81,96,85,76,5.2025,101
1717,怡然,怡,然,Yi Ran,YR,20,成语，怡然自得。,523,1974,30768,3257,0.2436,0.7564,80,96,85,77,5.0876,101
1649,嘉慧,嘉,慧,Jia Hui,JH,29,诗词，嘉园慧山麓。,506,1971,31742,2415,0.1154,0.8846,84,96,89,80,4.8733,11
1635,梦洁,梦,洁,Meng Jie,MJ,20,诗词，一点微凉如梦洁。,537,1967,31925,2173,0.0111,0.9889,82,96,86,79,5.0514,101
2551,静宜,静,宜,Jing Yi,JY,22,诗词，静宜翠竹亚寒枝。,504,1943,21323,1487,0.0745,0.9255,83,96,87,79,4.5068,101
2179,佳琳,佳,琳,Jia Lin,JL,20,诗词，佳句刻琳琅。,485,1941,24650,1640,0.0464,0.9536,83,96,88,79,5.117,101
2031,雅洁,雅,洁,Ya Jie,YJ,21,诗词，雅洁自然无俗态。,497,1938,26208,2295,0.0058,0.9942,82,96,87,79,4.9819,101
1924,雨佳,雨,佳,Yu Jia,YJ,16,诗词，夜凉山雨佳。,515,1933,27447,1891,0.14,0.86,82,96,88,78,5.0196,101
2021,静茹,静,茹,Jing Ru,JR,23,诗词，静取蔬茹捽。,472,1927,26304,2835,0.0032,0.9968,81,96,86,80,4.8001,10
2519,新颖,新,颖,Xin Ying,XY,26,诗词，畦菊发新颖。,467,1913,21519,2079,0.1473,0.8527,83,96,88,79,5.0672,101
1273,雨桐,雨,桐,Yu Tong,YT,18,诗词，疏雨桐花幽鸟啼。,546,1878,40421,5178,0.2117,0.7883,81,96,87,79,4.5179,101
1281,思颖,思,颖,Si Ying,SY,22,诗词，欧公思颖终归颖。,497,1873,40269,5214,0.0536,0.9464,83,96,87,79,5.2206,101
1326,嘉敏,嘉,敏,Jia Min,JM,25,诗词，嘉君才敏售何时。,447,1868,38817,2546,0.3019,0.6981,82,96,88,80,5.1144,10
3226,晓月,晓,月,Xiao Yue,XY,14,成语，卢沟晓月。,508,1842,17263,1176,0.0996,0.9004,81,96,86,76,5.3709,101
2414,静雅,静,雅,Jing Ya,JY,26,诗词，连榭似闻兼静雅。,479,1837,22323,1830,0.0098,0.9902,81,96,86,78,4.8927,100
3283,文欣,文,欣,Wen Xin,WX,12,诗词，斯文欣有属。,454,1833,17011,1044,0.3439,0.6561,83,96,89,78,5.2337,101
1652,舒婷,舒,婷,Shu Ting,ST,24,诗词，霞舒云卷千娉婷。,481,1829,31692,2225,0.0012,0.9988,82,96,86,79,4.8669,10
3304,凌霄,凌,霄,Ling Xiao,LX,25,诗词，煌煌凌霄花。,454,1826,16949,1152,0.3921,0.6079,79,95,82,77,3.7116,101
2241,玉莹,玉,莹,Yu Ying,YY,15,诗词，翡翠新鲜玉莹洁。,484,1824,24053,2111,0.0149,0.9851,84,96,89,80,4.8071,100
1501,思涵,思,涵,Si Han,SH,20,诗词，思若春波涵。,539,1810,34800,5148,0.1697,0.8303,81,96,87,80,5.1813,101
2169,梦雪,梦,雪,Meng Xue,MX,22,诗词，犹梦雪窗明。,549,1807,24789,2212,0.0164,0.9836,80,94,82,74,4.7574,101
2619,嫣然,嫣,然,Yan Ran,YR,26,成语，嫣然一笑。,535,1798,20820,1840,0.0185,0.9815,78,93,79,75,3.471,101
3396,文惠,文,惠,Wen Hui,WH,16,诗词，诗文惠盈轴。,428,1788,16503,1059,0.1927,0.8073,81,96,88,78,5.1051,100
2906,雅琳,雅,琳,Ya Lin,YL,24,诗词，雅颂振琅琳。,462,1779,19119,1396,0.0073,0.9927,82,96,87,79,5.1261,101
2237,佳莹,佳,莹,Jia Ying,JY,18,诗词，佳人素妆莹白。,465,1777,24115,1809,0.0162,0.9838,84,96,89,80,4.872,10
2762,雪菲,雪,菲,Xue Fei,XF,22,诗词，林雪似芳菲。,480,1775,19899,1763,0.0162,0.9838,81,96,86,78,5.0815,101
2017,璐瑶,璐,瑶,Lu Yao,LY,31,诗词，璐殿瑶阶。,473,1765,26340,4702,0.0095,0.9905,81,96,84,78,4.3117,2
2313,若冰,若,冰,Ruo Bing,RB,14,诗词，肌肤若冰雪。,467,1762,23288,3374,0.2488,0.7512,79,94,82,74,4.5982,101
3715,慧文,慧,文,Hui Wen,HW,19,诗词，天生慧质娴文雅。,405,1740,15221,782,0.278,0.722,82,96,89,79,4.8419,10
1805,诗琪,诗,琪,Shi Qi,SQ,20,诗词，诗因琪树丽。,506,1736,29143,2541,0.2368,0.7632,82,96,87,79,4.9903,10
3046,雨露,雨,露,Yu Lu,YL,29,诗词，月上梧桐雨露清。,527,1736,18294,1348,0.0526,0.9474,81,96,84,76,5.0727,101
2958,佳玉,佳,玉,Jia Yu,JY,13,成语，佳玉如月。,475,1735,18791,1470,0.1285,0.8715,84,96,90,79,4.7867,101
1520,一诺,一,诺,Yi Nuo,YN,11,成语，一诺千金。,538,1724,34315,3949,0.3418,0.6582,76,95,82,74,4.5227,101
2276,梦雅,梦,雅,Meng Ya,MY,23,成语，温文尔雅。,491,1720,23742,2016,0.0084,0.9916,80,96,84,77,5.0018,101
2871,瑞琪,瑞,琪,Rui Qi,RQ,25,诗词，瑞叶琪花满层碧。,449,1719,19287,1910,0.2415,0.7585,82,96,88,79,5.2224,11
2550,雨菲,雨,菲,Yu Fei,YF,19,诗词，微雨散芳菲。,528,1717,21335,1422,0.0246,0.9754,82,96,88,79,4.7669,101
3102,秋雨,秋,雨,Qiu Yu,QY,17,诗词，深山夕照深秋雨。,488,1691,18014,1465,0.2321,0.7679,81,95,84,75,5.1479,101
2606,小涵,小,涵,Xiao Han,XH,14,诗词，小桥流水涵清漪。,504,1673,20916,1370,0.1873,0.8127,81,96,89,80,4.7078,10
4167,玉琪,玉,琪,Yu Qi,YQ,17,诗词，瑶草玉树琪花香。,415,1665,13712,1073,0.1444,0.8556,83,96,90,80,4.5819,101
3338,嘉琳,嘉,琳,Jia Lin,JL,26,诗词，美人嘉赠比琳琅。,437,1640,16762,1043,0.092,0.908,83,96,89,79,4.9579,10
3410,梦华,梦,华,Meng Hua,MH,17,诗词，往往梦华胥。,439,1639,16456,1535,0.0883,0.9117,82,96,87,79,4.9219,101
2114,雨彤,雨,彤,Yu Tong,YT,15,诗词，霏霏朝雨润彤庭。,484,1633,25328,1214,0.086,0.914,81,96,88,79,4.7349,101
1622,紫涵,紫,涵,Zi Han,ZH,23,诗词，天边紫气涵龙剑。,544,1630,32235,3256,0.0786,0.9214,81,96,87,80,4.7306,11
2700,雨萌,雨,萌,Yu Meng,YM,19,诗词，春雨生萌芽。,463,1628,20300,1882,0.0844,0.9156,80,96,87,78,4.7262,101
2096,宇涵,宇,涵,Yu Han,YH,17,诗词，旷宇涵天界。,488,1622,25536,2112,0.3454,0.6546,82,96,89,79,4.7312,101
2940,心雨,心,雨,Xin Yu,XY,12,诗词，月到天心雨欲晴。,538,1611,18872,1618,0.4508,0.5492,81,95,83,73,4.9139,101
3073,怡君,怡,君,Yi Jun,YJ,15,诗词，能怡君子颜。,454,1600,18203,2237,0.1215,0.8785,84,96,89,79,4.8044,101
3816,文颖,文,颖,Wen Ying,WY,17,诗词，文章有神惊颖脱。,374,1596,14802,927,0.0923,0.9077,83,96,89,79,4.8862,11
2756,梦佳,梦,佳,Meng Jia,MJ,19,诗词，千里梦佳期。,450,1594,19931,1326,0.0514,0.9486,81,96,86,79,4.9461,101
2057,思羽,思,羽,Si Yu,SY,15,诗词，天风思羽翰。,471,1593,25874,5712,0.2278,0.7722,82,96,88,79,4.9101,101
2354,思瑶,思,瑶,Si Yao,SY,23,诗词，琼思瑶想。,471,1582,22818,3738,0.0584,0.9416,81,96,87,79,5.1623,101
2863,心悦,心,悦,Xin Yue,XY,14,成语，赏心悦目。,477,1580,19336,1600,0.1902,0.8098,81,96,87,78,4.626,101
3008,雅倩,雅,倩,Ya Qian,YQ,22,诗词，雅韵远珍丛倩影。,462,1560,18501,1394,0.0009,0.9991,81,96,86,79,4.7953,101
2071,诗涵,诗,涵,Shi Han,SH,19,诗词，诵诗涵泳淇泉绿。,499,1556,25782,2108,0.2073,0.7927,81,96,85,78,5.2444,101
3607,佳惠,佳,惠,Jia Hui,JH,20,诗词，好音佳惠不敢虚。,457,1555,15614,1076,0.0916,0.9084,82,96,88,79,4.8672,100
3259,晓涵,晓,涵,Xiao Han,XH,21,诗词，晓日令涵草木姿。,462,1554,17109,1312,0.1785,0.8215,82,96,89,80,4.7307,101
2998,美婷,美,婷,Mei Ting,MT,21,诗词，美人如花舞娉婷。,445,1553,18551,1202,0.0005,0.9995,82,96,87,79,4.868,101
3330,雨馨,雨,馨,Yu Xin,YX,28,诗词，雨中木叶馨。,499,1550,16766,995,0.0514,0.9486,83,96,88,79,4.5423,101
3665,雅欣,雅,欣,Ya Xin,YX,20,诗词，尔雅欣同小雪吟。,458,1548,15429,1413,0.0324,0.9676,83,96,88,79,5.0473,101
4003,文雯,文,雯,Wen Wen,WW,16,诗词，满囊文赋焕青雯。,385,1539,14198,893,0.019,0.981,81,96,89,80,4.9329,10
3103,梦雨,梦,雨,Meng Yu,MY,19,诗词，湿云如梦雨如尘。,481,1529,17989,1338,0.1222,0.8778,81,95,85,75,5.1788,101
3813,雅馨,雅,馨,Ya Xin,YX,32,诗词，雅曲芬馨。,496,1525,14809,1162,0.0093,0.9907,82,96,87,79,4.84,100
2702,雨萱,雨,萱,Yu Xuan,YX,20,诗词，青葱雨后萱。,490,1521,20296,1234,0.0388,0.9612,82,96,88,80,4.5997,101
3382,宇佳,宇,佳,Yu Jia,YJ,14,诗词，今辰天宇佳。,409,1520,16596,1266,0.3883,0.6117,82,96,89,79,4.9301,101
3619,星月,星,月,Xing Yue,XY,13,诗词，星月茫茫欲曙天。,481,1517,15522,1578,0.2267,0.7733,80,93,80,73,4.8978,101
2137,若涵,若,涵,Ruo Han,RH,19,诗词，若涵而蓄。,486,1513,25084,2894,0.1447,0.8553,81,96,85,78,5.0269,101
2341,可馨,可,馨,Ke Xin,KX,25,诗词，惟德可长馨。,522,1510,22929,1644,0.1414,0.8586,82,96,86,78,4.7666,11
2800,嘉颖,嘉,颖,Jia Ying,JY,27,诗词，嘉禾同颖新。,412,1507,19705,1229,0.082,0.918,84,96,89,79,4.8032,101
2994,梦颖,梦,颖,Meng Ying,MY,24,诗词，出水芙蕖生梦颖。,441,1507,18584,1519,0.0123,0.9877,83,96,87,79,4.983,100
4480,佳君,佳,君,Jia Jun,JJ,15,诗词，佳君本是林泉客。,385,1496,12841,589,0.1699,0.8301,84,96,90,80,4.4223,101
3570,梦琳,梦,琳,Meng Lin,ML,23,诗词，海边有梦通琳阙。,461,1493,15781,1062,0.014,0.986,82,96,87,79,5.0974,11
3655,子瑜,子,瑜,Zi Yu,ZY,16,诗词，君子怀瑾瑜。,406,1493,15477,1695,0.4312,0.5688,82,96,90,79,4.6376,101
4734,静云,静,云,Jing Yun,JY,18,诗词，水静云开见碧霄。,420,1489,12132,706,0.062,0.938,82,96,88,78,4.8714,100
2888,馨怡,馨,怡,Xin Yi,XY,28,诗词，誉自馨香道自怡。,473,1487,19179,1789,0.0036,0.9964,83,96,88,79,4.4145,10
2358,雨霏,雨,霏,Yu Fei,YF,24,诗词，细雨霏霏梨花白。,481,1485,22768,3550,0.0788,0.9212,80,96,87,79,4.3148,101
4396,宇欣,宇,欣,Yu Xin,YX,14,诗词，圣后乘乾万宇欣。,433,1483,13052,946,0.4299,0.5701,84,96,89,79,4.6482,101
4106,梦飞,梦,飞,Meng Fei,MF,14,诗词，梦飞九万里。,480,1481,13823,974,0.2797,0.7203,81,95,84,75,5.1941,101
2104,思睿,思,睿,Si Rui,SR,23,诗词，文思睿藻。,437,1462,25452,2364,0.4238,0.5762,80,96,86,78,5.2016,101
2942,子萱,子,萱,Zi Xuan,ZX,15,诗词，赠子以萱草。,483,1462,18909,1353,0.1669,0.8331,81,96,89,79,4.7481,11
3622,依婷,依,婷,Yi Ting,YT,20,诗词，依旧照娉婷。,424,1461,15582,883,0.0011,0.9989,82,96,88,79,4.7746,101
4517,梦菲,梦,菲,Meng Fei,MF,22,诗词，蝶梦绕芳菲。,459,1455,12738,910,0.0083,0.9917,81,96,86,78,4.8827,101
5039,慧云,慧,云,Hui Yun,HY,19,诗词，辉映慧云亭。,389,1455,11480,656,0.057,0.943,81,96,89,79,4.8344,101
2488,欣妍,欣,妍,Xin Yan,XY,15,诗词，乍晴风日欣妍美。,494,1454,21723,1904,0.0025,0.9975,84,96,88,79,4.714,101
3233,静仪,静,仪,Jing Yi,JY,19,诗词，皎如静女仪。,400,1452,17229,1284,0.0371,0.9629,84,96,89,79,4.5157,101
3016,梦涵,梦,涵,Meng Han,MH,22,诗词，吞九云梦涵五湖。,487,1437,18466,1674,0.0431,0.9569,81,96,87,80,5.048,101
3429,雨洁,雨,洁,Yu Jie,YJ,17,诗词，雨后秋光洁。,442,1425,16338,1536,0.0325,0.9675,83,96,89,79,4.8524,101
3567,子璇,子,璇,Zi Xuan,ZX,18,诗词，长安张子璇。,441,1424,15783,1917,0.1039,0.8961,80,96,88,79,4.6503,101
2200,一涵,一,涵,Yi Han,YH,12,诗词，一涵冰镜照红妆。,461,1421,24457,6870,0.3188,0.6812,81,96,89,78,4.9077,101
3055,洁莹,洁,莹,Jie Ying,JY,19,诗词，洁白玉同莹。,356,1415,18264,1197,0.0041,0.9959,83,96,87,79,4.6521,101
3970,紫萱,紫,萱,Zi Xuan,ZX,24,诗词，紫萱偏得地。,492,1412,14296,1784,0.0249,0.9751,81,96,87,79,4.569,101
3537,梦蝶,梦,蝶,Meng Die,MD,26,成语，庄周梦蝶。,443,1410,15893,920,0.0016,0.9984,74,90,79,73,3.2739,101
3313,诗韵,诗,韵,Shi Yun,SY,21,诗词，西昆诗韵胜芳兰。,417,1408,16890,1573,0.0528,0.9472,80,96,86,79,4.6229,101
4608,凯歌,凯,歌,Kai Ge,KG,22,诗词，将军马上凯歌还。,416,1403,12471,1519,0.3823,0.6177,76,94,79,75,3.7216,100
4697,嘉惠,嘉,惠,Jia Hui,JH,26,诗词，晞明明兮嘉惠。,430,1398,12212,729,0.1734,0.8266,82,96,88,79,4.8852,101
5380,紫云,紫,云,Zi Yun,ZY,16,诗词，紫云浮剑匣。,427,1398,10878,601,0.0971,0.9029,81,96,86,75,5.4114,101
5357,文怡,文,怡,Wen Yi,WY,12,诗词，但用文章自怡说。,376,1397,10926,681,0.0905,0.9095,83,96,90,80,4.7007,101
3597,依然,依,然,Yi Ran,YR,20,成语，依然如故。,501,1395,15255,1126,0.1945,0.8055,79,87,74,65,5.2106,100
2861,诗雅,诗,雅,Shi Ya,SY,20,诗词，诗雅继周南。,426,1392,19333,1662,0.0469,0.9531,80,96,85,78,5.1036,101
4133,玉涵,玉,涵,Yu Han,YH,16,诗词，波心碧玉涵。,427,1385,13781,1014,0.1245,0.8755,82,96,90,80,4.5941,101
3347,紫嫣,紫,嫣,Zi Yan,ZY,26,成语，姹紫嫣红。,467,1384,16743,1581,0.0035,0.9965,80,96,84,77,3.946,101
4419,映雪,映,雪,Ying Xue,YX,20,成语，囊萤映雪。,378,1383,12989,778,0.0525,0.9475,80,96,83,77,4.1626,100
3959,梦君,梦,君,Meng Jun,MJ,18,诗词，半梦梅花半梦君。,413,1381,14342,1208,0.0562,0.9438,83,96,87,77,5.1518,101
4457,若琳,若,琳,Ruo Lin,RL,20,诗词，有粲若琳。,432,1381,12901,1277,0.0505,0.9495,82,96,85,77,5.1872,101
4490,悠然,悠,然,You Ran,YR,23,成语，悠然自得。,494,1380,12732,844,0.365,0.635,77,91,78,74,3.3374,100
4829,心语,心,语,Xin Yu,XY,13,诗词，谁将心语系莲丝。,521,1379,11795,1007,0.2525,0.7475,80,94,82,73,4.0798,101
7383,若云,若,云,Ruo Yun,RY,12,诗词，飘飖若云仙。,428,1379,8063,466,0.1757,0.8243,81,96,85,75,5.2025,101
5340,云婷,云,婷,Yun Ting,YT,16,诗词，霞舒云卷千娉婷。,421,1370,10934,683,0.0054,0.9946,82,96,88,79,4.946,11
3728,羽佳,羽,佳,Yu Jia,YJ,14,诗词，羽车云幄有佳期。,400,1364,15136,3370,0.1631,0.8369,81,96,88,79,4.7578,101
4636,宇彤,宇,彤,Yu Tong,YT,13,诗词，疏依玉宇排彤树。,399,1361,12410,971,0.2685,0.7315,81,96,89,79,4.7148,11
1386,馨月,馨,月,Xin Yue,XY,24,诗词，馨香出月宫。,427,1359,37515,13193,0.0067,0.9933,80,96,87,79,4.5388,101
5196,晨雨,晨,雨,Chen Yu,CY,19,诗词，晚烟晨雨自霏霏。,439,1359,10972,892,0.4909,0.5091,81,96,87,78,4.8159,101
6272,雨竹,雨,竹,Yu Zhu,YZ,14,诗词，雨竹风泉演妙声。,427,1355,9360,713,0.0816,0.9184,80,96,85,77,5.0483,101
4281,梦阳,梦,阳,Meng Yang,MY,17,诗词，梦中疑是洛阳城。,416,1353,13355,1693,0.267,0.733,81,95,86,77,5.112,101
3721,思静,思,静,Si Jing,SJ,23,诗词，听琴知思静。,411,1350,15163,1790,0.0381,0.9619,82,96,87,78,5.2416,101
5414,思凡,思,凡,Si Fan,SF,12,诗词，相思凡几度。,440,1344,10792,834,0.4082,0.5918,80,96,84,76,5.4127,101
3739,子晴,子,晴,Zi Qing,ZQ,15,诗词，梅子黄时日日晴。,407,1334,15076,752,0.1486,0.8514,80,96,88,77,4.7829,100
4285,皓月,皓,月,Hao Yue,HY,16,诗词，清如皓月出云边。,431,1333,13343,1111,0.2673,0.7327,80,96,81,74,4.795,101
5528,佳蓉,佳,蓉,Jia Rong,JR,21,诗词，佳哉木芙蓉。,435,1330,10598,1535,0.0064,0.9936,83,96,88,80,4.8951,101
3029,思语,思,语,Si Yu,SY,18,诗词，锦书谁寄相思语。,467,1329,18390,1513,0.2065,0.7935,80,96,85,77,4.8083,101
3445,佩珊,佩,珊,Pei Shan,PS,17,诗词，环佩珊珊。,345,1329,16325,1705,0.0098,0.9902,80,96,84,77,4.6223,101
4653,怡宁,怡,宁,Yi Ning,YN,13,诗词，怡怡宁夏舞衣欢。,391,1329,12354,1507,0.2571,0.7429,81,96,89,79,4.8834,101
5936,文琳,文,琳,Wen Lin,WL,16,诗词，碧文金检佩琳琅。,355,1327,9875,599,0.1034,0.8966,82,96,89,78,4.8441,101
6292,蔚然,蔚,然,Wei Ran,WR,26,成语，蔚然成风。,347,1322,9376,882,0.3396,0.6604,79,96,83,77,4.2016,100
5157,卓君,卓,君,Zhuo Jun,ZJ,15,诗词，有卓君子。,337,1320,11275,739,0.306,0.694,82,96,85,77,5.0675,101
6504,雨亭,雨,亭,Yu Ting,YT,17,诗词，喜雨亭前黍稌秋。,402,1317,9084,489,0.3122,0.6878,80,96,87,79,4.3652,101
5241,嘉懿,嘉,懿,Jia Yi,JY,36,诗词，两汉名臣录嘉懿。,421,1316,11133,810,0.3211,0.6789,81,96,88,80,4.2946,101
4925,佳雨,佳,雨,Jia Yu,JY,16,诗词，佳雨散园芳。,433,1313,11702,938,0.3238,0.6762,82,96,89,79,4.6431,101
4476,若曦,若,曦,Ruo Xi,RX,28,诗词，秉心若明曦。,419,1312,12848,1236,0.2739,0.7261,80,96,85,78,4.5144,101
4520,佳瑶,佳,瑶,Jia Yao,JY,22,诗词，郁葱佳气盈瑶京。,416,1311,12728,1250,0.0449,0.9551,82,96,88,80,4.9602,11
3297,语嫣,语,嫣,Yu Yan,YY,23,诗词，含情不语自嫣然。,467,1298,16940,3667,0.0011,0.9989,80,96,85,79,3.4611,11
5802,文嘉,文,嘉,Wen Jia,WJ,18,诗词，文物彬彬正可嘉。,355,1298,10104,780,0.4517,0.5483,80,96,88,78,4.9795,101
4205,佳宜,佳,宜,Jia Yi,JY,16,诗词，晴色极佳宜岁事。,432,1297,13567,1177,0.192,0.808,83,96,89,80,4.5874,101
4363,梦怡,梦,怡,Meng Yi,MY,19,诗词，梦觉心自怡。,396,1296,13116,919,0.0121,0.9879,83,96,88,79,4.9962,101
5374,晨露,晨,露,Chen Lu,CL,32,诗词，晨露园葵鲜。,401,1289,10891,711,0.1134,0.8866,80,96,83,77,4.59,101
5703,雨琪,雨,琪,Yu Qi,YQ,20,诗词，微微花雨粘琪树。,430,1284,10269,756,0.1383,0.8617,83,96,89,79,4.7368,101
7960,雪枫,雪,枫,Xue Feng,XF,19,诗词，白雪芦花绛雪枫。,447,1281,7513,436,0.2343,0.7657,80,96,87,79,4.5107,101
5798,梦竹,梦,竹,Meng Zhu,MZ,17,诗词，青青云梦竹。,415,1276,10107,1133,0.0287,0.9713,79,95,84,78,4.5356,101
7366,文靖,文,靖,Wen Jing,WJ,17,诗词，文靖咏唐风。,357,1275,8080,466,0.4494,0.5506,79,96,88,79,4.3588,101
3368,诗婷,诗,婷,Shi Ting,ST,20,诗词，此诗不减花娉婷。,412,1272,16600,1292,0.0038,0.9962,82,96,87,79,5.0794,11
4300,欣颖,欣,颖,Xin Ying,XY,21,诗词，到此欣闻脱颖新。,399,1272,13295,2088,0.0338,0.9662,84,96,89,79,4.7986,11
4667,子悦,子,悦,Zi Yue,ZY,13,诗词，君子悦心。,416,1270,12311,1065,0.3725,0.6275,81,96,89,79,4.9894,101
4828,路遥,路,遥,Lu Yao,LY,26,诗词，路遥知马力。,404,1262,11887,1196,0.3759,0.6241,76,94,81,76,3.0254,100
6801,雅惠,雅,惠,Ya Hui,YH,24,诗词，雅章流惠见情深。,428,1262,8719,797,0.015,0.985,81,96,87,79,4.9022,100
5575,雅晴,雅,晴,Ya Qing,YQ,24,诗词，雅度如春晴。,378,1260,10527,877,0.0061,0.9939,80,96,87,80,4.5608,101
4454,冰倩,冰,倩,Bing Qian,BQ,16,诗词，冰玉天官倩。,394,1259,12911,1015,0.0035,0.9965,81,95,84,78,4.4837,101
5548,雅菲,雅,菲,Ya Fei,YF,23,诗词，雅游须莫负芳菲。,412,1257,10557,880,0.0044,0.9956,81,96,87,79,4.9122,101
5590,晨希,晨,希,Chen Xi,CX,18,诗词，徐徐晨光晞。,397,1256,10501,677,0.3818,0.6182,80,96,87,79,4.711,101
5328,梦宇,梦,宇,Meng Yu,MY,17,诗词，梦觉天宇新。,400,1250,10968,889,0.2837,0.7163,83,96,89,78,5.0238,101
4577,怡静,怡,静,Yi Jing,YJ,22,诗词，怡怡静退姿。,370,1249,12585,1490,0.0199,0.9801,83,96,89,80,4.7405,100
5142,紫轩,紫,轩,Zi Xuan,ZX,19,诗词，肃肃仰紫轩。,466,1242,11305,843,0.4334,0.5666,81,96,86,77,5.1272,101
4211,诗怡,诗,怡,Shi Yi,SY,16,诗词，诗书自怡。,382,1241,13570,873,0.0662,0.9338,83,96,88,79,4.8977,101
5707,梦林,梦,林,Meng Lin,ML,19,诗词，日落云梦林。,401,1239,10240,793,0.3868,0.6132,82,96,87,77,5.0488,101
6171,梦月,梦,月,Meng Yue,MY,15,诗词，春山如梦月如魂。,408,1235,9521,620,0.0224,0.9776,80,95,85,77,4.812,101
5701,文馨,文,馨,Wen Xin,WX,24,诗词，文字余芳馨。,386,1234,10279,1977,0.1281,0.8719,82,96,89,80,4.8994,101
4566,欣宜,欣,宜,Xin Yi,XY,16,诗词，忽欣家报到宜时。,436,1233,12610,1061,0.1624,0.8376,83,96,88,79,4.5114,101
3878,诗语,诗,语,Shi Yu,SY,17,诗词，诗语惊人笔益奇。,420,1219,14629,1521,0.2497,0.7503,80,96,87,79,4.3237,101
4758,雨蒙,雨,蒙,Yu Meng,YM,21,诗词，烟雨蒙蒙。,400,1219,12054,1003,0.1418,0.8582,78,96,86,79,4.1993,101
5621,斐然,斐,然,Fei Ran,FR,24,成语，成绩斐然。,355,1214,10430,795,0.2256,0.7744,77,92,80,75,3.4539,100
5156,昕怡,昕,怡,Xin Yi,XY,16,诗词，昕莫怡过从。,373,1213,11282,877,0.0394,0.9606,83,96,88,79,4.2122,10
6361,欣茹,欣,茹,Xin Ru,XR,17,诗词，进始欣连茹。,397,1211,9271,638,0.0077,0.9923,81,96,87,79,4.8554,101
7193,静如,静,如,Jing Ru,JR,20,诗词，菱叶荷花静如拭。,375,1211,8268,516,0.1279,0.8721,80,96,87,78,4.8222,100
5300,馨雨,馨,雨,Xin Yu,XY,28,诗词，风自温馨雨自新。,450,1210,11022,1003,0.0393,0.9607,81,96,88,78,4.346,101
6549,佳晨,佳,晨,Jia Chen,JC,19,诗词，佳客如晨星。,368,1199,9037,587,0.294,0.706,81,96,89,79,4.922,101
4660,诗瑶,诗,瑶,Shi Yao,SY,22,诗词，新诗字字比琼瑶。,368,1196,12327,1165,0.0735,0.9265,81,96,87,79,4.9875,101
6664,欣月,欣,月,Xin Yue,XY,12,诗词，草木欣荣日月光。,432,1188,8877,654,0.0605,0.9395,81,96,88,80,4.8113,101
6938,星云,星,云,Xing Yun,XY,13,诗词，华星云汉丽寒芒。,393,1185,8563,777,0.4203,0.5797,81,94,83,74,5.2644,100
6160,笑宇,笑,宇,Xiao Yu,XY,16,诗词，喜笑见眉宇。,339,1179,9558,929,0.4628,0.5372,83,96,89,78,4.5521,101
5394,一菲,一,菲,Yi Fei,YF,12,诗词，一片芳菲桃李。,358,1175,10856,784,0.0804,0.9196,81,96,90,78,4.5727,101
7279,一君,一,君,Yi Jun,YJ,8,诗词，一年好景君须记。,336,1172,8157,712,0.3821,0.6179,83,96,89,76,5.1229,101
6338,子琳,子,琳,Zi Lin,ZL,15,诗词，子玉琳森。,376,1159,9303,800,0.1742,0.8258,82,96,89,79,4.8368,101
7300,雨寒,雨,寒,Yu Han,YH,20,诗词，北风秋雨寒。,419,1154,7866,449,0.1933,0.8067,81,96,88,79,4.4627,101
5624,紫怡,紫,怡,Zi Yi,ZY,20,诗词，紫翠怡心目。,415,1152,10425,892,0.0226,0.9774,83,96,88,79,4.6633,101
7450,婉如,婉,如,Wan Ru,WR,17,诗词，婉如清扬。,330,1151,8004,490,0.0067,0.9933,79,96,84,77,4.6512,101
6440,文茜,文,茜,Wen Qian,WQ,13,诗词，秦文茜藻舒桃李。,356,1150,9171,727,0.0167,0.9833,81,96,88,79,4.964,101
5093,虹宇,虹,宇,Hong Yu,HY,15,诗词，摅虹宫栋宇。,332,1148,11362,2513,0.4025,0.5975,83,96,88,78,4.775,101
6780,宇晴,宇,晴,Yu Qing,YQ,18,诗词，晶晶天宇晴。,353,1146,8745,600,0.1207,0.8793,81,96,89,79,4.5246,101
6748,梦晨,梦,晨,Meng Chen,MC,22,诗词，梦长犹是恋晨昏。,382,1142,8783,709,0.1079,0.8921,80,96,86,78,4.942,101
6823,怡欣,怡,欣,Yi Xin,YX,16,诗词，素心欣以怡。,375,1142,8709,555,0.1301,0.8699,84,96,89,79,4.5209,2
7451,丝雨,丝,雨,Si Yu,SY,13,诗词，丝雨带风斜。,400,1142,7964,508,0.0431,0.9569,79,94,84,77,3.5214,101
6087,思梦,思,梦,Si Meng,SM,20,诗词，夜思梦还家。,423,1137,9657,776,0.0809,0.9191,78,95,84,75,4.9111,101
5605,一婷,一,婷,Yi Ting,YT,13,诗词，一春风雨娉婷。,351,1132,10469,2315,0.0067,0.9933,82,96,90,79,4.5693,101
8553,梦欣,梦,欣,Meng Xin,MX,19,诗词，梦里亦欣然。,387,1131,7049,488,0.0605,0.9395,83,96,88,79,4.9249,101
5866,舒雅,舒,雅,Shu Ya,SY,24,诗词，客呼舒雅。,355,1126,9994,1332,0.0156,0.9844,80,96,86,78,4.7913,101
5589,欣仪,欣,仪,Xin Yi,XY,13,诗词，欣瞻云汉仪。,397,1122,10505,1021,0.0849,0.9151,84,96,89,79,4.4665,101
5768,舒文,舒,文,Shu Wen,SW,16,诗词，篇章卷舒文锦绣。,316,1122,10158,1073,0.4028,0.5972,82,96,88,78,5.1766,101
6135,雅丹,雅,丹,Ya Dan,YD,16,诗词，雅兴寄丹青。,358,1119,9583,724,0.0045,0.9955,80,96,86,78,4.645,101
6602,紫君,紫,君,Zi Jun,ZJ,19,诗词，紫气隐元君。,356,1112,8973,491,0.1014,0.8986,83,96,89,80,4.6368,101
3983,语涵,语,涵,Yu Han,YH,20,诗词，出语涵芳鲜。,420,1111,14247,1392,0.0268,0.9732,81,96,88,79,4.3705,101
4333,雅涵,雅,涵,Ya Han,YH,23,诗词，雅量涵容沧海波。,375,1108,13189,1931,0.0229,0.9771,81,96,87,79,5.093,101
8259,俊雅,俊,雅,Jun Ya,JY,21,诗词，芳姿俊雅。,357,1106,7272,723,0.1093,0.8907,81,96,88,80,4.8889,100
9273,云菲,云,菲,Yun Fei,YF,15,诗词，云雨芳菲月。,373,1106,6524,316,0.0663,0.9337,81,96,88,79,5.0989,11
7317,佳辰,佳,辰,Jia Chen,JC,15,诗词，相与乐佳辰。,357,1102,8134,442,0.4148,0.5852,81,96,89,80,4.8305,101
4153,艺菲,艺,菲,Yi Fei,YF,15,诗词，行缘艺圃袭芳菲。,359,1101,13746,1307,0.0213,0.9787,82,96,89,79,4.5097,10
4957,诗颖,诗,颖,Shi Ying,SY,21,诗词，诗成脱颖或有神。,332,1096,11636,1023,0.0676,0.9324,83,96,88,79,5.0045,11
3650,楚涵,楚,涵,Chu Han,CH,24,诗词，楚江涵远润。,364,1090,15504,2166,0.1759,0.8241,80,96,85,78,4.8893,11
5682,心妍,心,妍,Xin Yan,XY,11,诗词，一花应心妍。,391,1090,10312,1046,0.0053,0.9947,83,96,88,79,4.5429,101
4722,若彤,若,彤,Ruo Tong,RT,15,诗词，绚若彤霞鲜。,391,1086,12157,1832,0.1053,0.8947,80,96,85,78,4.6765,100
9841,佳雪,佳,雪,Jia Xue,JX,19,诗词，惊人佳句胜春雪。,404,1085,6210,390,0.0543,0.9457,81,96,87,78,4.9354,101
3857,艺涵,艺,涵,Yi Han,YH,15,诗词，六艺厚涵养。,380,1083,14669,2413,0.1041,0.8959,82,96,89,79,4.6789,10
5245,佳璇,佳,璇,Jia Xuan,JX,23,诗词，佳晕日初璇。,349,1082,11122,2351,0.0261,0.9739,81,96,89,79,4.6864,101
4821,雨嘉,雨,嘉,Yu Jia,YJ,22,诗词，春雨嘉我谷。,407,1078,11916,803,0.233,0.767,81,96,88,79,4.8306,101
8077,如雪,如,雪,Ru Xue,RX,17,诗词，树树花如雪。,429,1076,6931,866,0.1443,0.8557,79,90,79,73,4.2907,100
6106,斯琪,斯,琪,Si Qi,SQ,24,诗词，斯时琪花散空碧。,360,1073,9587,671,0.2461,0.7539,81,96,86,77,4.9894,10
4910,梦思,梦,思,Meng Si,MS,20,诗词，梦回芳草思依依。,375,1062,11703,974,0.0319,0.9681,78,95,84,76,4.5024,101
8081,宇菲,宇,菲,Yu Fei,YF,17,诗词，一声杜宇芳菲晚。,337,1062,7431,543,0.0897,0.9103,82,96,90,79,4.6302,10
6833,俊颖,俊,颖,Jun Ying,JY,22,诗词，况尔俊颖姿。,287,1060,8698,866,0.1531,0.8469,84,96,89,79,4.7989,100
8449,一琳,一,琳,Yi Lin,YL,13,诗词，一语一琳琅。,343,1056,7124,735,0.1283,0.8717,82,96,90,77,4.6795,101
13262,凌雪,凌,雪,Ling Xue,LX,21,诗词，江南梅花凌雪霜。,443,1053,4739,253,0.0755,0.9245,80,95,82,76,4.1353,100
8472,若晨,若,晨,Ruo Chen,RC,19,诗词，朗若晨星疏。,345,1051,7108,597,0.3126,0.6874,80,96,85,78,4.8064,101
6357,紫璇,紫,璇,Zi Xuan,ZX,27,诗词，南极星明傍紫璇。,379,1044,9277,1729,0.0145,0.9855,80,96,87,79,4.2881,101
10380,佳月,佳,月,Jia Yue,JY,12,诗词，恰如佳月即中秋。,360,1044,5925,460,0.0731,0.9269,81,96,89,78,4.8358,101
7087,天笑,天,笑,Tian Xiao,TX,14,诗词，踏地长歌仰天笑。,354,1043,8225,2017,0.373,0.627,77,93,82,74,4.0571,100
7071,雨霖,雨,霖,Yu Lin,YL,24,诗词，小雨遂成霖。,343,1035,8363,1069,0.4257,0.5743,82,96,88,79,4.9101,101
7017,欣瑶,欣,瑶,Xin Yao,XY,22,诗词，梅天欣下琼瑶。,374,1034,8463,1020,0.0369,0.9631,82,96,88,80,4.6972,11
7525,子婷,子,婷,Zi Ting,ZT,15,诗词，凌波仙子立娉婷。,344,1033,7926,594,0.0096,0.9904,82,96,89,79,4.8073,11
8776,天怡,天,怡,Tian Yi,TY,12,诗词，人情天气两融怡。,322,1033,6881,490,0.2066,0.7934,83,96,89,79,4.8829,101
11183,梦寒,梦,寒,Meng Han,MH,23,诗词，留得松声入梦寒。,429,1032,5534,408,0.0738,0.9262,80,96,85,77,4.5972,101
11271,悦欣,悦,欣,Yue Xin,YX,18,诗词，人心允和神悦欣。,362,1029,5502,333,0.1902,0.8098,83,96,88,79,4.7936,101
9171,颖君,颖,君,Ying Jun,YJ,20,诗词，颖脱似君那。,297,1027,6632,392,0.0935,0.9065,83,96,89,78,4.876,101
7274,昕彤,昕,彤,Xin Tong,XT,15,诗词，黄麻昕夕下彤廷。,330,1024,8186,552,0.0952,0.9048,80,96,87,79,4.3885,10
9084,雨柔,雨,柔,Yu Rou,YR,17,诗词，细雨晓风柔。,361,1021,6667,342,0.0141,0.9859,79,96,86,79,4.5075,101
9849,瑞洁,瑞,洁,Rui Jie,RJ,22,诗词，瑞彩祥光冰玉洁。,354,1020,6213,421,0.0625,0.9375,82,96,88,80,4.9428,101
5098,馨仪,馨,仪,Xin Yi,XY,25,诗词，梅馨竹节仰型仪。,383,1018,11367,1261,0.0096,0.9904,83,96,88,79,4.284,10
6286,艺丹,艺,丹,Yi Dan,YD,8,诗词，游艺为丹青。,320,1017,9389,1083,0.0221,0.9779,81,96,87,79,4.8956,11
6885,雨璇,雨,璇,Yu Xuan,YX,23,诗词，雨天云叶晦璇题。,336,1016,8640,987,0.0228,0.9772,81,96,89,80,4.2701,101
6195,佳凝,佳,凝,Jia Ning,JN,24,诗词，十分佳句凝清听。,368,1011,9513,1606,0.031,0.969,80,96,87,79,4.4968,101
7037,奕君,奕,君,Yi Jun,YJ,16,诗词，奕奕君子。,333,1006,8441,1328,0.2939,0.7061,84,96,89,80,4.7318,101
5631,馨瑶,馨,瑶,Xin Yao,XY,34,诗词，宁馨谁说是瑶林。,350,1004,10415,1583,0.004,0.996,81,96,87,79,4.5532,11
8907,芸菲,芸,菲,Yun Fei,YF,18,诗词，灵源芸荔新芳菲。,353,1003,6801,721,0.0044,0.9956,81,96,86,79,4.1863,10
6803,若萱,若,萱,Ruo Xuan,RX,20,诗词，君若有愁佩萱草。,394,1001,8724,727,0.0481,0.9519,81,96,85,78,4.8686,100
8415,姝婷,姝,婷,Shu Ting,ST,21,诗词，美姝舞娉婷。,317,999,7159,782,0.0,1.0,82,96,86,79,4.5445,11
9541,潇雨,潇,雨,Xiao Yu,XY,22,诗词，潇潇雨敲凤尾竹。,334,998,6384,557,0.2503,0.7497,81,96,87,78,4.1147,101
10582,若雨,若,雨,Ruo Yu,RY,16,诗词，君恩若雨露。,368,996,5822,409,0.3435,0.6565,81,96,85,74,5.2501,101
9370,若雪,若,雪,Ruo Xue,RX,19,诗词，月华若夜雪。,379,993,6469,317,0.059,0.941,80,91,80,72,4.7226,101
8963,嘉晨,嘉,晨,Jia Chen,JC,25,诗词，嘉晨令节共陶陶。,323,992,6766,640,0.4641,0.5359,81,96,88,78,4.9418,101
7754,梓欣,梓,欣,Zi Xin,ZX,19,诗词，梓里欣情话。,356,990,7712,559,0.3634,0.6366,83,96,89,80,4.7176,11
7454,依晨,依,晨,Yi Chen,YC,19,诗词，相依晨夕间。,375,988,8001,1628,0.1741,0.8259,80,96,88,80,4.5452,101
8735,紫琪,紫,琪,Zi Qi,ZQ,24,诗词，紫凤琪园自栖宿。,350,985,6915,562,0.0919,0.9081,82,96,89,79,4.6319,10
9317,舒怡,舒,怡,Shu Yi,SY,20,诗词，卷舒怡悦隐者心。,310,983,6534,459,0.0223,0.9777,83,96,88,78,4.7829,101
4220,韵涵,韵,涵,Yun Han,YH,24,诗词，韵涵秋水。,364,980,13535,2712,0.0421,0.9579,81,96,87,79,4.7901,101
9417,怡佳,怡,佳,Yi Jia,YJ,16,诗词，怡情取次成佳什。,341,980,6466,414,0.1118,0.8882,82,96,89,79,4.715,11
6275,若溪,若,溪,Ruo Xi,RX,21,诗词，芳洲杜若溪。,357,974,9399,1158,0.279,0.721,78,96,85,78,4.2736,101
8798,嘉瑶,嘉,瑶,Jia Yao,JY,28,诗词，嘉篇频为寄琼瑶。,338,974,6875,442,0.089,0.911,82,96,89,79,4.7741,101
8998,雨潇,雨,潇,Yu Xiao,YX,22,诗词，夜船吹笛雨潇潇。,317,971,6743,469,0.1245,0.8755,79,96,87,78,4.4827,101
7912,傲雪,傲,雪,Ao Xue,AX,23,成语，傲雪凌霜。,360,969,7571,653,0.0525,0.9475,78,86,74,70,3.1932,101
10132,卓琳,卓,琳,Zhuo Lin,ZL,20,诗词，诸子卓琳琅。,303,968,6052,431,0.095,0.905,81,96,85,78,5.0508,100
10445,琪琳,琪,琳,Qi Lin,QL,24,诗词，琪枝琳草殊翩翩。,312,966,5876,393,0.064,0.936,82,96,86,77,5.1102,101
3476,艺馨,艺,馨,Yi Xin,YX,24,成语，德艺双馨。,352,965,16150,7165,0.0445,0.9555,83,96,89,79,4.3366,1
7617,雨嫣,雨,嫣,Yu Yan,YY,22,诗词，宜风宜雨自嫣然。,366,955,7813,651,0.0056,0.9944,81,96,88,80,3.9887,101
10953,宇君,宇,君,Yu Jun,YJ,13,诗词，湛然天宇印心君。,294,955,5650,360,0.4108,0.5892,84,96,90,78,4.665,101
6127,梓桐,梓,桐,Zi Tong,ZT,21,诗词，梓桐花幕碧云浮。,374,950,9600,982,0.4423,0.5577,80,96,86,78,4.7696,100
10867,羽菲,羽,菲,Yu Fei,YF,17,诗词，乘风振羽芳菲菲。,367,949,5704,359,0.0294,0.9706,81,96,88,79,4.4273,10
8902,紫晴,紫,晴,Zi Qing,ZQ,24,诗词，紫微晴雪带恩光。,362,946,6802,434,0.0217,0.9783,80,96,86,79,4.5442,101
6240,子函,子,函,Zi Han,ZH,11,诗词，老子出函关。,368,945,9435,729,0.3829,0.6171,79,96,88,79,4.2846,100
8380,若熙,若,熙,Ruo Xi,RX,22,诗词，畅若春阳熙。,372,939,7187,623,0.4988,0.5012,80,96,86,78,4.8657,11
9063,一萌,一,萌,Yi Meng,YM,12,诗词，谁言一萌动。,301,938,6702,490,0.2419,0.7581,79,96,87,77,4.9355,101
6509,墨涵,墨,涵,Mo Han,MH,26,诗词，横胸墨气自涵濡。,344,936,9087,847,0.2656,0.7344,79,96,83,77,4.0612,11
9835,若琪,若,琪,Ruo Qi,RQ,20,诗词，若看琪树即须秋。,320,936,6223,648,0.1672,0.8328,82,96,86,78,5.099,11
10184,欣蕾,欣,蕾,Xin Lei,XL,24,诗词，欣欣蓓蕾令余乐。,331,936,6028,390,0.0262,0.9738,81,96,86,77,4.7405,10
9373,湘婷,湘,婷,Xiang Ting,XT,24,诗词，拟将湘管写娉婷。,313,934,6499,337,0.003,0.997,82,96,86,79,4.785,10
11830,雨心,雨,心,Yu Xin,YX,12,诗词，天涯风雨心。,376,934,5270,254,0.1559,0.8441,80,95,88,79,4.2435,101
11530,紫菱,紫,菱,Zi Ling,ZL,23,诗词，紫菱如锦彩鸳翔。,403,933,5400,397,0.0137,0.9863,78,96,85,79,3.7417,100
8880,雨菡,雨,菡,Yu Han,YH,19,诗词，飞雨来初菡萏秋。,348,931,6812,452,0.0079,0.9921,81,96,89,79,4.2067,11
7976,妍君,妍,君,Yan Jun,YJ,14,诗词，检点春妍寄与君。,282,930,7521,957,0.0046,0.9954,83,96,89,78,4.7228,101
7052,依诺,依,诺,Yi Nuo,YN,18,诗词，耳畔依稀曾相诺。,354,925,8370,952,0.0801,0.9199,76,96,84,78,4.164,10
8076,梦诗,梦,诗,Meng Shi,MS,19,诗词，梦回诗笔已如神。,308,924,7430,565,0.0444,0.9556,77,94,83,74,4.2327,101
8713,若菲,若,菲,Ruo Fei,RF,19,诗词，若耶溪畔多芬菲。,341,924,6929,702,0.0306,0.9694,81,96,85,76,4.9569,101
5697,思言,思,言,Si Yan,SY,16,诗词，思言君子。,311,923,10291,1677,0.4118,0.5882,80,96,87,78,5.1045,101
10801,梦薇,梦,薇,Meng Wei,MW,27,诗词，梦中行采薇。,319,919,5730,413,0.0011,0.9989,82,96,86,78,4.8696,101
9089,子馨,子,馨,Zi Xin,ZX,23,诗词，子孙宁馨。,340,916,6627,329,0.2118,0.7882,82,96,90,79,4.6369,101
5929,诗淇,诗,淇,Shi Qi,SQ,19,诗词，诗咏淇澳。,321,906,9900,932,0.2728,0.7272,80,96,86,78,4.7832,100
11204,晨雪,晨,雪,Chen Xue,CX,22,诗词，晨起雪霏霏。,321,905,5537,389,0.1036,0.8964,80,94,84,76,4.6121,101
13863,笑颜,笑,颜,Xiao Yan,XY,25,成语，喜笑颜开。,341,904,4544,457,0.0784,0.9216,79,96,85,78,3.5019,101
13356,若辰,若,辰,Ruo Chen,RC,15,诗词，旷若辰与参。,321,903,4710,336,0.4364,0.5636,80,95,83,76,4.7309,101
11891,雨帆,雨,帆,Yu Fan,YF,14,诗词，暮雨帆樯江上舟。,319,902,5248,367,0.3431,0.6569,79,96,88,79,4.8296,101
6314,雅淇,雅,淇,Ya Qi,YQ,23,诗词，雅志在淇园。,333,900,9335,1361,0.0325,0.9675,80,96,87,79,4.5109,11
11307,睿思,睿,思,Rui Si,RS,23,诗词，睿思起芳年。,329,899,5486,360,0.1582,0.8418,78,96,83,77,4.4465,101
12318,若然,若,然,Ruo Ran,RR,20,诗词，习惯若自然。,348,888,5076,430,0.3424,0.6576,79,95,83,74,4.9768,100
11333,梦璇,梦,璇,Meng Xuan,MX,26,诗词，梦遍璇宫。,310,887,5482,397,0.0077,0.9923,80,96,86,78,4.6839,11
7369,思仪,思,仪,Si Yi,SY,14,诗词，种竹思仪凤。,324,885,8079,1126,0.1305,0.8695,83,96,89,79,4.9171,101
11911,雨童,雨,童,Yu Tong,YT,20,诗词，南村烟雨牧童还。,328,879,5239,334,0.2846,0.7154,80,96,87,78,4.4971,101
11897,潇然,潇,然,Xiao Ran,XR,26,诗词，潇然脱尘羁。,300,877,5249,445,0.2495,0.7505,79,96,86,78,4.4795,101
7685,韵诗,韵,诗,Yun Shi,YS,21,诗词，锦绣联篇百韵诗。,313,873,7762,1717,0.0434,0.9566,77,96,82,76,3.8553,101
7105,若兮,若,兮,Ruo Xi,RX,12,诗词，采杜若兮芳洲。,364,872,8376,1055,0.0533,0.9467,77,96,85,77,3.7119,101
11731,傲然,傲,然,Ao Ran,AR,24,成语，傲然屹立。,292,871,5307,495,0.3149,0.6851,77,92,80,75,3.6396,100
13218,天颖,天,颖,Tian Ying,TY,17,成语，天资聪颖。,280,869,4747,245,0.2102,0.7898,83,96,89,78,4.7444,101
11005,雨梦,雨,梦,Yu Meng,YM,19,诗词，五更风雨梦如飞。,342,867,5617,318,0.055,0.945,79,95,84,74,4.969,101
9127,羽涵,羽,涵,Yu Han,YH,17,诗词，劲羽碧波涵。,348,865,6660,453,0.1394,0.8606,81,96,89,79,4.5046,101
11300,若尘,若,尘,Ruo Chen,RC,14,诗词，人生若尘露。,318,865,5495,379,0.4864,0.5136,75,93,81,75,3.4872,100
10060,子倩,子,倩,Zi Qian,ZQ,13,诗词，有子今如曼倩贤。,306,862,6095,491,0.0261,0.9739,81,96,89,77,5.0693,101
7818,若菡,若,菡,Ruo Han,RH,19,诗词，戴石若菡萏。,337,859,7664,828,0.0099,0.9901,80,96,86,79,4.1641,101
13109,紫月,紫,月,Zi Yue,ZY,16,诗词，瑶堂紫月闲。,340,856,4774,283,0.0417,0.9583,80,95,86,76,5.0829,101
9810,雨含,雨,含,Yu Han,YH,15,诗词，小雨含烟凝不流。,327,855,6232,498,0.0422,0.9578,80,96,87,77,4.2555,101
16548,逸君,逸,君,Yi Jun,YJ,18,诗词，俊逸知君笔有神。,256,850,3886,244,0.3234,0.6766,84,96,90,79,4.6792,101
12563,雨茜,雨,茜,Yu Qian,YQ,17,诗词，雨过花娇山色茜。,314,849,4989,298,0.0062,0.9938,82,96,88,80,4.8089,101
11895,雨诗,雨,诗,Yu Shi,YS,16,诗词，霏霏春雨却催诗。,303,842,5246,288,0.1225,0.8775,78,96,86,78,4.6499,101
5755,艺嘉,艺,嘉,Yi Jia,YJ,18,诗词，艺林歌咏成嘉事。,323,840,10185,1075,0.207,0.793,81,96,89,79,4.4867,101
6710,思淇,思,淇,Si Qi,SQ,20,诗词，相思淇水长。,312,838,8829,1455,0.2268,0.7732,80,96,88,79,4.7319,101
11000,云舒,云,舒,Yun Shu,YS,16,成语，云卷云舒。,305,838,5617,687,0.2797,0.7203,80,96,85,76,4.9228,101
10182,紫凝,紫,凝,Zi Ning,ZN,28,诗词，晚紫凝华天。,351,837,6035,745,0.0173,0.9827,79,96,84,78,4.3359,101
8446,悦然,悦,然,Yue Ran,YR,22,诗词，人悦自然天意得。,329,836,7127,787,0.3359,0.6641,79,96,84,77,4.8543,11
8520,嘉淇,嘉,淇,Jia Qi,JQ,25,诗词，嘉种分淇澳。,314,835,7081,463,0.3161,0.6839,81,96,89,79,4.6475,11
10109,欣睿,欣,睿,Xin Rui,XR,22,诗词，欣逢睿藻光韶律。,314,833,6065,750,0.3125,0.6875,81,96,88,79,4.8244,11
9979,诗晴,诗,晴,Shi Qing,SQ,20,诗词，诗如晴雪濯江汉。,294,832,6138,376,0.0637,0.9363,80,96,86,78,4.7911,101
13845,艺欣,艺,欣,Yi Xin,YX,12,诗词，树艺欣逢庆有年。,319,832,4566,402,0.1425,0.8575,84,96,89,79,4.5597,101
14361,莹雪,莹,雪,Ying Xue,YX,21,诗词，晶莹争似冰凝雪。,315,832,4400,303,0.0052,0.9948,80,95,85,78,3.8857,100
14041,雨楠,雨,楠,Yu Nan,YN,21,诗词，四山风雨鸣樟楠。,288,830,4507,352,0.1519,0.8481,81,96,88,78,5.0237,11
10679,雨杉,雨,杉,Yu Shan,YS,15,诗词，风生松桧雨生杉。,306,827,5780,311,0.1666,0.8334,78,96,86,78,4.5357,101
10793,若希,若,希,Ruo Xi,RX,15,诗词，造适常若希。,317,827,5731,455,0.251,0.749,80,96,86,77,4.9859,101
12316,颖琳,颖,琳,Ying Lin,YL,25,诗词，兰颖聚琳琅。,299,826,5084,269,0.0239,0.9761,82,96,87,79,4.7303,10
14488,欣玉,欣,玉,Xin Yu,XY,13,诗词，潜欣玉宇开。,318,822,4378,397,0.1073,0.8927,84,96,90,80,4.1032,100
8740,子茜,子,茜,Zi Qian,ZQ,12,诗词，白罗衫子茜纱裙。,310,821,6877,512,0.0301,0.9699,81,96,89,78,4.8336,101
12033,舒然,舒,然,Shu Ran,SR,24,诗词，卷舒画轴思悠然。,278,821,5192,774,0.2054,0.7946,79,96,85,77,4.9856,100
8503,紫彤,紫,彤,Zi Tong,ZT,19,诗词，紫禁彤墀月似银。,341,818,7093,638,0.056,0.944,80,96,88,79,4.5572,10
9881,欣语,欣,语,Xin Yu,XY,17,诗词，欣然共笑语。,339,815,6192,617,0.1385,0.8615,81,96,88,80,4.046,101
7707,语桐,语,桐,Yu Tong,YT,19,诗词，凤语梧桐鹤唳松。,336,811,7748,1426,0.0519,0.9481,80,96,87,79,3.9248,101
17026,嘉君,嘉,君,Jia Jun,JJ,21,诗词，嘉树同君岁岁春。,288,810,3788,226,0.2986,0.7014,84,96,90,79,4.0135,101
14754,思甜,思,甜,Si Tian,ST,20,成语，忆苦思甜。,298,808,4302,300,0.0304,0.9696,77,94,83,77,3.9268,101
16694,羽欣,羽,欣,Yu Xin,YX,14,诗词，商羽欣同调。,328,808,3855,229,0.188,0.812,83,96,89,78,4.5076,101
9748,诗妍,诗,妍,Shi Yan,SY,15,诗词，水墨自与诗争妍。,300,806,6268,407,0.0052,0.9948,83,96,87,79,5.0118,101
9773,雅心,雅,心,Ya Xin,YX,16,诗词，雅会吾心。,293,805,6250,703,0.031,0.969,79,96,87,77,4.7792,101
21937,傲霜,傲,霜,Ao Shuang,AS,29,成语，傲霜斗雪。,285,805,2970,141,0.0335,0.9665,75,88,78,76,2.2503,100
3159,馨予,馨,予,Xin Yu,XY,24,诗词，孰馨芳兮袭予。,283,804,17625,8366,0.0111,0.9889,79,96,86,78,3.3295,11
11501,梓君,梓,君,Zi Jun,ZJ,18,诗词，梓潼使君开一束。,278,802,5411,641,0.3454,0.6546,83,96,90,79,4.6892,101
20033,云佳,云,佳,Yun Jia,YJ,12,诗词，碧云佳句久传芳。,310,802,3236,138,0.3139,0.6861,81,96,88,76,4.9575,101
14630,晨怡,晨,怡,Chen Yi,CY,19,诗词，兹晨心志怡。,273,800,4337,252,0.078,0.922,83,96,88,79,4.9303,11
19328,云梦,云,梦,Yun Meng,YM,15,诗词，气蒸云梦泽。,333,795,3352,181,0.1406,0.8594,78,92,81,72,4.7392,101
11498,奕欣,奕,欣,Yi Xin,YX,17,诗词，奕叶欣沾雨露垂。,260,794,5414,605,0.3105,0.6895,84,96,90,80,4.4506,10
10512,卓颖,卓,颖,Zhuo Ying,ZY,21,诗词，卓颖淩天阊。,251,793,5859,866,0.0847,0.9153,82,96,84,76,5.0748,101
12275,怡轩,怡,轩,Yi Xuan,YX,15,诗词，奏我怡轩诗。,319,793,4976,339,0.484,0.516,82,96,89,78,4.733,101
8402,诗曼,诗,曼,Shi Man,SM,19,诗词，画诗曼妙待王维。,297,792,7107,1664,0.0195,0.9805,78,96,83,77,4.3734,101
8307,雨函,雨,函,Yu Han,YH,16,诗词，风雨度函关。,324,791,7236,1248,0.1112,0.8888,80,96,87,79,4.1063,11
16259,逸晨,逸,晨,Yi Chen,YC,22,诗词，逸气凌玉晨。,296,790,3935,240,0.4929,0.5071,81,96,88,80,4.5899,101
12102,语欣,语,欣,Yu Xin,YX,17,诗词，笑语欣欣意不迟。,334,787,5165,321,0.0379,0.9621,83,96,89,81,4.1348,101
15697,天予,天,予,Tian Yu,TY,8,成语，天之赐予。,279,787,4069,431,0.4475,0.5525,79,96,87,78,4.2802,101
12406,馨妍,馨,妍,Xin Yan,XY,27,诗词，兰馨桂馥相映妍。,323,775,5051,452,0.0003,0.9997,83,96,87,79,4.5138,100
12173,芷君,芷,君,Zhi Jun,ZJ,14,诗词，兰芷最思君。,268,771,5136,725,0.022,0.978,83,96,89,79,4.6863,11
12413,笑语,笑,语,Xiao Yu,XY,19,成语，欢声笑语。,308,771,5044,828,0.1108,0.8892,80,96,86,79,3.6065,101
10598,佳淇,佳,淇,Jia Qi,JQ,19,诗词，满卷佳章咏淇澳。,311,770,5817,454,0.1818,0.8182,81,96,89,79,4.5728,11
12943,靖雅,靖,雅,Jing Ya,JY,25,诗词，文靖有雅量。,267,769,4842,482,0.0584,0.9416,80,96,86,79,4.7301,11
15894,梦晴,梦,晴,Meng Qing,MQ,23,诗词，梦好山晴晓不知。,302,767,4029,301,0.0116,0.9884,80,95,85,78,4.648,101
18190,晨欣,晨,欣,Chen Xin,CX,19,诗词，晨窗对雪亦欣然。,274,766,3554,216,0.3083,0.6917,83,96,88,78,5.0653,101
5553,奕彤,奕,彤,Yi Tong,YT,16,诗词，奕奕彤云端。,267,763,10566,2023,0.1797,0.8203,81,96,88,79,4.825,100
13742,语晨,语,晨,Yu Chen,YC,20,诗词，鸟语知春晨。,320,763,4595,401,0.069,0.931,80,96,87,78,4.3871,101
14406,怡晨,怡,晨,Yi Chen,YC,19,诗词，怡怡晨夕间。,266,762,4398,279,0.2195,0.7805,81,96,89,79,4.5974,101
17106,依萱,依,萱,Yi Xuan,YX,20,诗词，依依萱草花。,350,762,3772,260,0.0229,0.9771,81,96,88,79,4.1324,101
18008,诗蕾,诗,蕾,Shi Lei,SL,24,诗词，诗树经寒蕾已多。,319,759,3587,207,0.0528,0.9472,80,96,85,78,4.6032,10
13940,心彤,心,彤,Xin Tong,XT,11,诗词，丹心只在彤云里。,293,757,4540,530,0.1559,0.8441,80,96,87,79,4.6302,100
16195,雨思,雨,思,Yu Si,YS,17,诗词，风雨思无晦。,311,757,3949,283,0.0901,0.9099,79,96,86,78,5.0044,101
13745,雨瑶,雨,瑶,Yu Yao,YY,22,诗词，朝来天雨瑶花霏。,299,755,4580,261,0.0394,0.9606,82,96,89,78,4.932,101
11149,怡嘉,怡,嘉,Yi Jia,YJ,22,诗词，翁季怡怡意度嘉。,290,753,5560,638,0.1904,0.8096,81,96,88,78,4.6766,101
12084,梓怡,梓,怡,Zi Yi,ZY,19,诗词，枌梓怡前辈。,307,753,5174,596,0.0977,0.9023,83,96,89,79,4.8158,101
14555,韵怡,韵,怡,Yun Yi,YY,21,诗词，古刹梵音雅韵怡。,264,753,4359,267,0.0118,0.9882,83,96,88,78,4.627,101
14676,雨曦,雨,曦,Yu Xi,YX,28,诗词，雨上见朝曦。,293,753,4323,292,0.2316,0.7684,81,96,88,78,4.5582,101
18854,琳君,琳,君,Lin Jun,LJ,19,诗词，紫荷琳馆君诸父。,285,747,3437,179,0.0352,0.9648,83,96,88,79,4.6674,11
16713,雨熙,雨,熙,Yu Xi,YX,22,诗词，雨足郊原万物熙。,306,746,3848,188,0.4431,0.5569,81,96,89,79,4.5295,101
12914,俊涵,俊,涵,Jun Han,JH,20,诗词，才俊三生正气涵。,278,745,4855,561,0.3947,0.6053,82,96,89,79,4.8218,10
20818,萧然,萧,然,Xiao Ran,XR,23,诗词，萧然自有林下风。,319,745,3122,217,0.3163,0.6837,78,96,84,76,4.0062,100
21325,云琪,云,琪,Yun Qi,YQ,16,诗词，云白山青琪树绿。,274,745,3046,183,0.3108,0.6892,82,96,89,78,4.8245,101
12946,紫瑶,紫,瑶,Zi Yao,ZY,26,诗词，偏照紫府瑶台。,296,741,4843,621,0.0252,0.9748,81,96,87,79,5.0778,100
13787,诗琳,诗,琳,Shi Lin,SL,20,诗词，诗篇垂琳琅。,274,741,4571,332,0.076,0.924,82,96,88,78,4.8947,101
9205,子嫣,子,嫣,Zi Yan,ZY,17,诗词，妙语子蝉嫣。,312,734,6561,572,0.027,0.973,80,96,88,78,4.2835,100
14715,琪瑶,琪,瑶,Qi Yao,QY,26,诗词，琪树瑶花。,247,731,4314,378,0.0618,0.9382,81,96,83,76,4.7797,101
16253,雨君,雨,君,Yu Jun,YJ,15,诗词，萧萧风雨思君子。,277,730,3947,301,0.1516,0.8484,84,96,90,78,4.7219,101
16701,梦星,梦,星,Meng Xing,MX,20,诗词，满船清梦压星河。,293,730,3848,244,0.3068,0.6932,80,93,83,74,4.7668,101
10898,一茗,一,茗,Yi Ming,YM,10,诗词，一杯山茗雪花白。,286,729,5687,1358,0.3594,0.6406,80,96,89,78,4.6627,101
17326,紫雯,紫,雯,Zi Wen,ZW,24,诗词，丹心照紫雯。,271,727,3727,289,0.0045,0.9955,81,96,88,79,4.7563,100
18191,佳思,佳,思,Jia Si,JS,17,诗词，每逢佳节倍思亲。,270,727,3550,358,0.1019,0.8981,79,95,87,77,4.7005,101
20976,雨雯,雨,雯,Yu Wen,YW,20,诗词，雷电风露雾雨雯。,276,726,3101,145,0.0071,0.9929,82,96,89,79,4.7068,100
14411,伊然,伊,然,Yi Ran,YR,18,诗词，还倩伊然。,303,725,4389,365,0.1651,0.8349,79,96,87,78,5.0386,101
14499,语馨,语,馨,Yu Xin,YX,29,诗词，每思好语似兰馨。,312,725,4369,353,0.0109,0.9891,82,96,87,79,3.9767,101
17165,若诗,若,诗,Ruo Shi,RS,16,诗词，春声细若诗。,281,725,3758,262,0.1487,0.8513,77,93,81,75,3.8388,101
20108,若君,若,君,Ruo Jun,RJ,15,诗词，美哉若君子。,259,725,3229,282,0.1827,0.8173,83,95,86,77,4.8202,101
14005,奕晨,奕,晨,Yi Chen,YC,20,诗词，赫奕晨霞照万灯。,293,721,4521,367,0.4585,0.5415,81,96,88,78,4.6967,101
19812,欣晨,欣,晨,Xin Chen,XC,19,诗词，欣欣生意入芳晨。,262,719,3275,205,0.2535,0.7465,81,96,88,78,4.9194,101
12064,美萱,美,萱,Mei Xuan,MX,21,诗词，诗人美萱草。,300,717,5178,1137,0.0095,0.9905,81,96,87,79,4.6348,101
14376,心然,心,然,Xin Ran,XR,16,诗词，使我心依然。,301,713,4401,416,0.4497,0.5503,79,96,87,75,4.9666,101
24969,怡悦,怡,悦,Yi Yue,YY,18,诗词，白云自怡悦。,278,713,2630,163,0.0848,0.9152,82,96,87,79,4.6685,101
12347,星语,星,语,Xing Yu,XY,18,诗词，星语半凝瑶草香。,320,712,5069,1076,0.4228,0.5772,80,94,81,74,4.5246,101
17721,宇琳,宇,琳,Yu Lin,YL,18,诗词，玉宇琳宫。,248,711,3642,224,0.1423,0.8577,83,96,90,78,4.6605,101
15498,嘉璇,嘉,璇,Jia Xuan,JX,29,诗词，嘉政在璇玑。,275,710,4118,330,0.0528,0.9472,81,96,88,79,4.7145,10
12882,怡心,怡,心,Yi Xin,YX,12,诗词，神怡心静。,263,709,4866,765,0.1251,0.8749,80,96,88,79,4.4965,101
17787,宇璇,宇,璇,Yu Xuan,YX,21,诗词，宫宇璇题日月明。,262,709,3629,305,0.0836,0.9164,81,96,89,78,4.3232,101
4329,馨文,馨,文,Xin Wen,XW,24,诗词，馨香袭文书。,236,708,13206,5789,0.0962,0.9038,82,96,88,77,5.0205,101
16797,潇宇,潇,宇,Xiao Yu,XY,20,诗词，潇潇栋宇自明昌。,255,703,3832,407,0.4872,0.5128,83,96,89,81,4.2573,101
20429,若思,若,思,Ruo Si,RS,17,诗词，俨然若思。,251,703,3165,217,0.1103,0.8897,78,94,83,76,4.3532,101
11057,馨然,馨,然,Xin Ran,XR,32,诗词，明德惟馨自古然。,305,702,5606,677,0.0392,0.9608,79,96,87,78,4.6883,11
15348,惠妍,惠,妍,Hui Yan,HY,19,诗词，嗟君独有惠芳妍。,275,702,4154,1044,0.002,0.998,83,96,88,78,4.6388,11
12699,馨语,馨,语,Xin Yu,XY,29,诗词，古有宁馨语。,310,700,4935,582,0.0166,0.9834,80,96,87,79,3.7625,101
19058,心瑶,心,瑶,Xin Yao,XY,18,诗词，欲将心事付瑶琴。,268,700,3393,193,0.0745,0.9255,81,96,88,77,4.8364,11
18420,美瑶,美,瑶,Mei Yao,MY,23,诗词，幽人美瑶瑟。,296,698,3512,386,0.0096,0.9904,81,96,87,79,4.2887,101
13822,梓晴,梓,晴,Zi Qing,ZQ,23,诗词，到家桥梓耸晴晖。,263,697,4572,277,0.0941,0.9059,80,96,87,78,4.556,10
21691,羽晨,羽,晨,Yu Chen,YC,17,诗词，羽旗摇曳晨曦上。,266,692,3000,172,0.3034,0.6966,80,96,88,79,4.6468,101
20002,亦晨,亦,晨,Yi Chen,YC,17,诗词，亦得共芳晨。,276,689,3243,205,0.4891,0.5109,80,96,88,79,4.5176,101
14602,美璇,美,璇,Mei Xuan,MX,24,诗词，美人出璇户。,236,687,4343,542,0.0055,0.9945,80,96,85,76,4.7717,100
8492,佳桐,佳,桐,Jia Tong,JT,18,诗词，佳句欲邀桐叶满。,264,683,7099,1996,0.2353,0.7647,81,96,88,79,4.7243,101
13552,依彤,依,彤,Yi Tong,YT,15,诗词，疏依玉宇排彤树。,274,682,4652,259,0.0517,0.9483,80,96,87,79,4.6486,101
16590,俊仪,俊,仪,Jun Yi,JY,14,诗词，俊仪美女名灵芝。,237,682,3876,521,0.3238,0.6762,84,96,90,79,4.5034,101
11637,思娴,思,娴,Si Xian,SX,19,诗词，渊德雅而娴。,266,678,5350,1091,0.0033,0.9967,80,96,87,79,4.7481,1
15326,雨禾,雨,禾,Yu He,YH,13,诗词，五风十雨禾黍丰。,258,675,4154,363,0.2946,0.7054,78,96,86,78,4.3295,101
21475,亦君,亦,君,Yi Jun,YJ,13,诗词，我亦思君。,229,675,3030,199,0.32,0.68,83,96,89,77,5.0048,101
18673,艺君,艺,君,Yi Jun,YJ,11,诗词，六艺越诸君。,247,674,3470,205,0.1331,0.8669,84,96,90,78,4.6169,101
21410,曦晨,曦,晨,Xi Chen,XC,31,诗词，曦光晨露染青莎。,261,670,3041,506,0.3417,0.6583,79,96,84,77,4.3237,100
13946,斯涵,斯,涵,Si Han,SH,23,诗词，和气斯涵濡。,263,667,4541,720,0.2157,0.7843,80,96,85,77,4.815,101
22894,怡雪,怡,雪,Yi Xue,YX,19,诗词，怡此冰雪颜。,280,667,2852,259,0.0373,0.9627,81,96,87,79,4.5435,11
16890,紫桐,紫,桐,Zi Tong,ZT,22,诗词，紫桐花落鸟关关。,292,666,3813,383,0.1449,0.8551,80,96,86,79,4.5462,100
22804,悦怡,悦,怡,Yue Yi,YY,18,诗词，亲颜悦以怡。,273,665,2865,207,0.0427,0.9573,83,96,87,78,4.7146,101
18765,紫晨,紫,晨,Zi Chen,ZC,23,诗词，忽报春风送紫晨。,274,664,3453,382,0.1866,0.8134,80,96,87,79,4.7861,101
20598,依珊,依,珊,Yi Shan,YS,17,诗词，依稀环佩珊珊。,306,664,3154,403,0.0108,0.9892,80,96,86,77,4.7319,101
22971,语薇,语,薇,Yu Wei,YW,25,诗词，笑语出蔷薇。,330,663,2840,180,0.0007,0.9993,82,96,87,81,3.9906,11
27204,欢欣,欢,欣,Huan Xin,HX,14,成语，欢欣鼓舞。,290,662,2414,168,0.1433,0.8567,82,96,85,79,4.2268,101
14698,子茗,子,茗,Zi Ming,ZM,12,诗词，待子倾新茗。,268,661,4313,285,0.4458,0.5542,80,96,88,79,4.5836,101
32872,紫雪,紫,雪,Zi Xue,ZX,23,诗词，千红百紫雪中开。,389,660,2000,71,0.0307,0.9693,80,95,83,76,4.4143,101
22701,雨然,雨,然,Yu Ran,YR,20,诗词，看风看雨亦欣然。,285,658,2874,183,0.2939,0.7061,80,96,88,79,4.769,101
11642,紫菡,紫,菡,Zi Han,ZH,23,诗词，紫陌香飘菡萏风。,298,657,5347,512,0.005,0.995,80,96,87,79,4.1171,100
25203,语心,语,心,Yu Xin,YX,13,诗词，一闻君语识君心。,294,657,2560,158,0.0363,0.9637,79,96,86,79,3.9246,101
21836,雅月,雅,月,Ya Yue,YY,16,诗词，雅淡惟应月知。,290,655,2984,290,0.0118,0.9882,80,96,87,78,4.4659,101
12115,一茜,一,茜,Yi Qian,YQ,10,诗词，一一茜绚开明眸。,268,654,5166,1052,0.0212,0.9788,81,96,89,78,4.7699,101
21065,舒瑶,舒,瑶,Shu Yao,SY,26,诗词，舒卷瑶台路。,261,650,3088,456,0.0248,0.9752,81,96,87,79,4.6354,11
21329,羽馨,羽,馨,Yu Xin,YX,26,诗词，羽服犹馨。,301,650,3052,189,0.0609,0.9391,82,96,88,80,4.1654,101
19156,若瑶,若,瑶,Ruo Yao,RY,22,诗词，皎若瑶台阆风。,278,649,3385,239,0.0488,0.9512,81,96,85,77,4.7429,100
21321,湘琳,湘,琳,Xiang Lin,XL,24,诗词，湘中琳琅碧。,219,649,3053,195,0.0609,0.9391,82,96,87,78,4.7463,11
15330,虹羽,虹,羽,Hong Yu,HY,15,诗词，虹旌兮翠羽。,238,648,4159,1156,0.0995,0.9005,82,96,87,77,4.2122,101
20527,若晴,若,晴,Ruo Qing,RQ,20,诗词，雨若再晴花再艳。,269,647,3167,219,0.0421,0.9579,80,95,84,77,4.5678,100
23076,依瑶,依,瑶,Yi Yao,YY,22,诗词，曲岸依瑶圃。,325,645,2832,161,0.0232,0.9768,81,96,86,79,4.7307,101
20933,心婷,心,婷,Xin Ting,XT,16,诗词，心香馥郁且娉婷。,269,644,3097,182,0.0038,0.9962,82,96,87,77,5.1671,101
18338,诗晨,诗,晨,Shi Chen,SC,19,诗词，偶开诗卷雪窗晨。,237,641,3524,468,0.4128,0.5872,80,96,86,77,5.2054,101
14989,诗悦,诗,悦,Shi Yue,SY,18,诗词，赋诗悦情性。,240,639,4240,749,0.1879,0.8121,81,96,85,76,5.1013,101
11886,茜文,茜,文,Qian Wen,QW,13,诗词，峭茜资文字。,226,638,5248,689,0.0481,0.9519,82,96,87,77,4.7716,11
23087,嘉月,嘉,月,Jia Yue,JY,18,诗词，山水陶嘉月。,277,636,2830,290,0.141,0.859,81,96,89,77,4.5572,101
18806,心童,心,童,Xin Tong,XT,16,诗词，兴至有时心似童。,252,634,3434,287,0.4385,0.5615,79,95,84,74,4.427,100
19456,茹月,茹,月,Ru Yue,RY,13,诗词，明明如月。,280,634,3332,298,0.0103,0.9897,79,95,84,77,3.9963,11
20570,雨墨,雨,墨,Yu Mo,YM,23,诗词，紫毫飞雨墨花新。,265,633,3158,283,0.2454,0.7546,75,96,84,76,4.2615,101
22915,羽辰,羽,辰,Yu Chen,YC,13,诗词，羽旄曜辰极。,265,632,2848,137,0.4258,0.5742,80,96,88,78,4.6412,11
26592,菲雪,菲,雪,Fei Xue,FX,22,诗词，芳菲斗雪妆。,325,632,2450,157,0.0045,0.9955,79,92,81,74,3.7876,101
15380,语晴,语,晴,Yu Qing,YQ,21,诗词，语晴新燕自双双。,277,629,4147,454,0.0071,0.9929,80,96,86,78,4.1226,101
27008,琳瑶,琳,瑶,Lin Yao,LY,26,诗词，琳馆瑶台九天近。,281,629,2434,182,0.0083,0.9917,81,96,84,77,4.3572,11
10994,佳忆,佳,忆,Jia Yi,JY,12,诗词，佳辰风雨忆华年。,252,627,5637,2002,0.0783,0.9217,79,95,88,79,3.5532,101
13562,思瑾,思,瑾,Si Jin,SJ,24,诗词，醇醪共饮思公瑾。,226,626,4647,723,0.0853,0.9147,80,96,86,77,4.8688,10
17020,婉彤,婉,彤,Wan Tong,WT,18,诗词，岂惟婉娈彤管姝。,264,626,3788,869,0.0017,0.9983,80,96,84,77,4.6485,10
30311,伊雪,伊,雪,Yi Xue,YX,17,诗词，伊水雪潺湲。,306,626,2169,84,0.0233,0.9767,80,96,86,77,4.8936,11
14601,舒月,舒,月,Shu Yue,SY,16,诗词，团团望舒月。,256,625,4344,494,0.041,0.959,80,96,87,79,4.6296,101
23658,琳琪,琳,琪,Lin Qi,LQ,24,诗词，琳琅琪碧乃凡草。,231,624,2761,210,0.0317,0.9683,82,96,86,77,5.2128,11
25863,嘉雪,嘉,雪,Jia Xue,JX,25,诗词，嘉平瑞雪映苍华。,295,623,2531,114,0.1067,0.8933,81,96,87,78,4.5648,101
26714,涵瑶,涵,瑶,Han Yao,HY,25,诗词，大地涵瑶镜。,330,623,2460,236,0.0432,0.9568,81,96,84,78,4.4956,101
30240,云杉,云,杉,Yun Shan,YS,11,诗词，岚桂云杉风飒飒。,233,622,2173,125,0.3597,0.6403,77,96,84,76,4.4941,101
18973,柯欣,柯,欣,Ke Xin,KX,17,诗词，柯叶顿欣荣。,258,619,3410,367,0.3103,0.6897,82,96,87,78,4.3488,11
18197,羽桐,羽,桐,Yu Tong,YT,16,诗词，羽客借桐孙。,267,618,3552,347,0.2434,0.7566,80,96,87,78,4.2918,101
28094,依凝,依,凝,Yi Ning,YN,24,诗词，梅花依旧凝雪。,338,616,2341,272,0.016,0.984,79,96,86,79,4.0246,101
18198,雨妍,雨,妍,Yu Yan,YY,15,诗词，无限清光带雨妍。,267,615,3544,196,0.0027,0.9973,84,96,90,79,4.4334,101
22391,若怡,若,怡,Ruo Yi,RY,16,诗词，踞视二子心若怡。,240,615,2912,174,0.0439,0.9561,83,96,87,78,4.929,101
31029,忆雪,忆,雪,Yi Xue,YX,15,诗词，曲江长忆雪晴时。,313,614,2109,95,0.0398,0.9602,80,95,83,76,3.9937,101
25663,心羽,心,羽,Xin Yu,XY,10,诗词，天外归心一羽轻。,272,613,2526,139,0.277,0.723,82,96,88,76,4.6576,101
22192,晨瑶,晨,瑶,Chen Yao,CY,25,诗词，晨露含瑶琴。,219,612,2938,191,0.0864,0.9136,81,96,86,77,4.8843,100
22856,睿君,睿,君,Rui Jun,RJ,21,诗词，睿作尧君宝。,205,610,2857,230,0.2532,0.7468,83,96,88,78,4.8945,101
15615,韵如,韵,如,Yun Ru,YR,19,诗词，韵如荷叶夏田田。,256,606,4089,1197,0.1094,0.8906,79,96,83,75,4.7144,101
24221,韵琳,韵,琳,Yun Lin,YL,25,诗词，馀韵绕琳琅。,261,606,2705,302,0.0136,0.9864,82,96,87,78,4.5596,101
21023,睿欣,睿,欣,Rui Xin,RX,22,诗词，睿情欣逸赏。,256,605,3093,237,0.2683,0.7317,83,96,88,78,4.6349,11
21199,嘉茹,嘉,茹,Jia Ru,JR,23,诗词，嘉会喜连茹。,245,604,3067,173,0.0195,0.9805,81,96,87,78,4.7178,101
24898,诗月,诗,月,Shi Yue,SY,12,诗词，诗满红笺月满庭。,233,603,2639,196,0.1175,0.8825,80,96,86,75,5.1346,101
28324,心欣,心,欣,Xin Xin,XX,12,诗词，春色暄妍欣赏。,235,601,2289,166,0.2751,0.7249,83,96,88,76,4.8552,101
28676,凌霜,凌,霜,Ling Shuang,LS,27,诗词，故将明艳凌霜雪。,215,599,2292,95,0.0486,0.9514,77,93,81,76,3.6409,101
26832,依晴,依,晴,Yi Qing,YQ,20,诗词，依旧晴空万里平。,264,598,2450,111,0.02,0.98,80,96,87,78,4.3466,101
27421,春羽,春,羽,Chun Yu,CY,15,诗词，春羽振桑榆。,233,598,2397,261,0.197,0.803,82,96,88,78,4.697,101
28510,茜琳,茜,琳,Qian Lin,QL,21,诗词，茜璨玉琳华。,276,598,2305,162,0.002,0.998,82,96,86,77,4.3868,10
29945,一琪,一,琪,Yi Qi,YQ,13,诗词，一树琪花夜照云。,250,595,2198,247,0.357,0.643,82,96,89,75,5.0092,101
24214,舒宇,舒,宇,Shu Yu,SY,18,诗词，气舒天宇和。,221,594,2706,173,0.425,0.575,83,96,89,79,5.0374,11
29755,羽琪,羽,琪,Yu Qi,YQ,18,诗词，刷羽琪树侧。,242,594,2212,121,0.1612,0.8388,82,96,88,79,4.6142,101
5793,馨元,馨,元,Xin Yuan,XY,24,诗词，馨香元是早。,221,592,10120,4890,0.1457,0.8543,81,96,87,77,5.0261,11
14276,涵月,涵,月,Han Yue,HY,15,诗词，碧天如水涵月光。,235,592,4441,493,0.0706,0.9294,80,96,86,77,4.9171,101
20319,心睿,心,睿,Xin Rui,XR,18,诗词，心迎睿想入瑶编。,249,589,3199,278,0.4885,0.5115,80,96,88,79,4.6886,11
26919,司晨,司,晨,Si Chen,SC,16,诗词，司晨兼五德。,240,588,2440,166,0.4608,0.5392,78,92,80,74,3.5606,100
29673,羽嘉,羽,嘉,Yu Jia,YJ,20,诗词，羽嘉成百鸟。,244,587,2218,147,0.2668,0.7332,80,96,88,79,4.6406,101
29465,晨君,晨,君,Chen Jun,CJ,18,诗词，花照玉晨君。,214,586,2232,147,0.2918,0.7082,83,96,88,78,4.8271,101
21145,依雪,依,雪,Yi Xue,YX,19,诗词，依然春雪在长松。,266,583,3069,163,0.0283,0.9717,80,95,84,74,5.0196,101
30347,云璐,云,璐,Yun Lu,YL,21,诗词，云冠璐佩写清妍。,243,580,2164,148,0.0905,0.9095,80,96,86,78,4.558,10
30282,语诗,语,诗,Yu Shi,YS,17,诗词，独取妙语传清诗。,256,579,2171,157,0.0277,0.9723,77,96,83,77,3.944,101
22552,诗思,诗,思,Shi Si,SS,17,诗词，一时风景添诗思。,221,578,2889,182,0.1608,0.8392,78,95,84,76,4.6635,101
34372,芷柔,芷,柔,Zhi Rou,ZR,16,诗词，芷纷柔叶飘岸馨。,294,577,1914,106,0.0018,0.9982,78,95,82,77,3.6313,11
22494,心颖,心,颖,Xin Ying,XY,17,诗词，心同衡鉴见机颖。,236,576,2883,199,0.0685,0.9315,83,96,88,77,4.7385,101
30208,晨月,晨,月,Chen Yue,CY,15,诗词，花晨月夕。,240,576,2169,148,0.1371,0.8629,80,95,85,75,4.9295,101
33458,晴雪,晴,雪,Qing Xue,QX,23,诗词，西山晴雪。,271,576,1971,185,0.019,0.981,79,94,82,77,3.5318,101
15972,艺心,艺,心,Yi Xin,YX,8,诗词，自艺心田岁自收。,226,572,4007,568,0.137,0.863,80,96,88,77,4.4204,101
26155,若羽,若,羽,Ruo Yu,RY,14,诗词，飒若羽翼生。,264,570,2510,410,0.1962,0.8038,82,96,87,78,4.8385,101
31660,颖雪,颖,雪,Ying Xue,YX,24,诗词，淩空毛颖雪飞扬。,258,570,2080,126,0.0281,0.9719,80,96,87,79,4.3565,101
34142,琳欣,琳,欣,Lin Xin,LX,20,诗词，琳琅欣触目。,272,570,1928,127,0.0379,0.9621,83,96,87,78,4.709,10
26330,宇思,宇,思,Yu Si,YS,15,诗词，玉宇同辉客思平。,213,569,2489,204,0.2788,0.7212,79,95,86,76,5.0943,101
27051,雨丝,雨,丝,Yu Si,YS,13,诗词，春日雨丝暖融融。,243,565,2411,163,0.006,0.994,76,92,81,75,3.7948,101
31575,宛君,宛,君,Wan Jun,WJ,15,诗词，宛转为君好。,257,564,2086,98,0.0446,0.9554,82,96,86,79,4.4915,100
32816,云斐,云,斐,Yun Fei,YF,16,诗词，云依斐而承宇。,207,564,2006,143,0.3177,0.6823,79,96,87,77,4.6264,101
23983,舒晴,舒,晴,Shu Qing,SQ,24,诗词，白云舒卷看春晴。,216,562,2731,291,0.0214,0.9786,80,96,86,77,4.5322,101
36855,宛凝,宛,凝,Wan Ning,WN,24,诗词，山岚宛若凝。,329,560,1780,197,0.0073,0.9927,78,96,81,77,3.0472,100
36926,依柔,依,柔,Yi Rou,YR,17,诗词，依依杨柳春柔。,301,560,1776,132,0.0082,0.9918,78,95,83,77,4.068,101
35053,瑶琳,瑶,琳,Yao Lin,YL,26,诗词，自然生瑶琳。,269,559,1877,118,0.0151,0.9849,81,96,85,79,4.1064,101
25414,亦瑶,亦,瑶,Yi Yao,YY,20,诗词，亦有瑶台月。,272,556,2581,127,0.0974,0.9026,81,96,87,79,4.8265,100
14456,颖诗,颖,诗,Ying Shi,YS,21,诗词，漫寄颖滨诗。,174,553,4388,346,0.0746,0.9254,77,94,82,75,4.4181,101
19993,晨羽,晨,羽,Chen Yu,CY,17,诗词，晨风扬北羽。,226,551,3241,670,0.3103,0.6897,82,96,88,77,4.7889,101
26049,心莹,心,莹,Xin Ying,XY,14,诗词，可可芳心莹似镜。,222,550,2519,229,0.0275,0.9725,83,96,88,78,4.5814,101
30701,云茜,云,茜,Yun Qian,YQ,13,诗词，红云茜雾笼金阙。,240,548,2139,232,0.0173,0.9827,81,96,87,77,4.7758,101
41206,凝雪,凝,雪,Ning Xue,NX,27,诗词，灼灼花凝雪。,320,548,1588,100,0.0107,0.9893,79,89,80,75,3.0565,101
19824,欣言,欣,言,Xin Yan,XY,15,诗词，欣言对群英。,217,546,3273,180,0.302,0.698,81,96,88,78,4.993,101
28988,浩琳,浩,琳,Hao Lin,HL,22,诗词，心胸浩琳琅。,209,546,2266,142,0.4058,0.5942,82,96,88,78,4.7162,101
37820,云欣,云,欣,Yun Xin,YX,12,诗词，万里风云欣雪作。,240,546,1731,98,0.3521,0.6479,83,96,89,77,4.7394,101
40179,琳雪,琳,雪,Lin Xue,LX,23,诗词，面面琳琅雪雨馀。,284,545,1631,151,0.0101,0.9899,80,94,83,76,4.014,11
24245,怡晴,怡,晴,Yi Qing,YQ,20,诗词，融怡天气雨初晴。,213,544,2703,252,0.0265,0.9735,81,96,88,78,4.5686,11
15415,梓墨,梓,墨,Zi Mo,ZM,26,诗词，桑梓何修灿墨华。,276,541,4138,426,0.4898,0.5102,74,96,83,77,3.915,101
22710,欣灵,欣,灵,Xin Ling,XL,15,诗词，人杰还欣地炳灵。,234,540,2870,171,0.1611,0.8389,81,96,87,77,5.1288,101
30643,悦君,悦,君,Yue Jun,YJ,17,诗词，心悦君兮知不知。,246,539,2146,306,0.1784,0.8216,83,96,87,78,4.7116,100
14958,姝彤,姝,彤,Shu Tong,ST,16,诗词，三姝骈立映彤霞。,212,538,4250,968,0.0021,0.9979,80,96,83,76,4.5019,11
26393,瑶琪,瑶,琪,Yao Qi,YQ,26,诗词，瑶草琪花。,221,538,2490,250,0.0548,0.9452,81,96,84,78,4.4675,101
35702,云霏,云,霏,Yun Fei,YF,20,诗词，烟云霏霏碧草齐。,221,538,1839,90,0.1939,0.8061,79,96,86,77,4.5037,101
23015,一晴,一,晴,Yi Qing,YQ,13,诗词，一江烟水照晴岚。,220,536,2836,662,0.1085,0.8915,80,96,88,77,4.8342,101
31172,晴宇,晴,宇,Qing Yu,QY,18,诗词，晴霞映眉宇。,195,536,2112,207,0.3145,0.6855,82,96,87,78,4.1235,101
40749,欣可,欣,可,Xin Ke,XK,13,诗词，佳景欣可瞩。,289,536,1607,192,0.2978,0.7022,79,95,84,75,4.7194,101
29402,紫星,紫,星,Zi Xing,ZX,21,诗词，云开双见紫微星。,242,534,2200,129,0.4563,0.5437,80,94,83,74,5.193,101
27875,诗君,诗,君,Shi Jun,SJ,15,诗词，等闲落笔诗中君。,184,532,2359,374,0.2568,0.7432,83,96,90,76,4.62,101
28549,怡瑶,怡,瑶,Yi Yao,YY,22,诗词，怡然一笑上瑶京。,247,531,2302,343,0.0308,0.9692,82,96,88,79,4.6923,11
29201,伊君,伊,君,Yi Jun,YJ,13,诗词，伊人疑是云中君。,209,530,2250,432,0.0783,0.9217,83,96,90,78,4.6094,101
30835,泽雅,泽,雅,Ze Ya,ZY,20,诗词，王泽犹来雅在新。,242,530,2127,166,0.1961,0.8039,80,94,85,76,4.8535,101
29346,云馨,云,馨,Yun Xin,YX,24,诗词，宁云尔德馨。,228,529,2242,159,0.1322,0.8678,82,96,88,78,4.7367,101
27507,诗情,诗,情,Shi Qing,SQ,19,成语，诗情画意。,226,526,2389,161,0.1783,0.8217,77,94,83,76,4.1253,100
36581,云瑶,云,瑶,Yun Yao,YY,18,诗词，衣云锦兮佩琼瑶。,258,526,1788,91,0.1033,0.8967,81,96,88,79,4.4328,101
22583,一茹,一,茹,Yi Ru,YR,10,诗词，一任茹荼甘若荠。,222,525,2890,828,0.028,0.972,80,96,89,77,4.7518,101
30372,佳晴,佳,晴,Jia Qing,JQ,20,诗词，好山佳水照晴檐。,226,525,2167,156,0.0387,0.9613,81,96,88,78,4.589,101
31545,怡茹,怡,茹,Yi Ru,YR,17,诗词，怡神茹澹。,241,524,2087,224,0.0064,0.9936,81,96,87,78,4.5584,10
33231,云曦,云,曦,Yun Xi,YX,24,诗词，云飞彩云曦。,223,523,1983,128,0.4587,0.5413,80,96,87,78,4.758,101
33767,元欣,元,欣,Yuan Xin,YX,12,诗词，黎元欢欣走相问。,177,523,1952,100,0.4787,0.5213,83,96,89,79,4.5186,11
31131,颖瑶,颖,瑶,Ying Yao,YY,27,诗词，擢颖疑瑶华。,217,522,2114,118,0.0231,0.9769,81,96,86,78,4.5125,10
45761,欣薇,欣,薇,Xin Wei,XW,24,诗词，林壑欣欣动蕨薇。,270,521,1426,110,0.003,0.997,83,96,88,79,4.5184,11
28786,雯月,雯,月,Wen Yue,WY,16,诗词，雯霞吐月钩。,234,520,2283,181,0.0048,0.9952,80,96,86,77,4.6357,11
30104,伊晨,伊,晨,Yi Chen,YC,17,诗词，却瞻霖雨作伊晨。,220,519,2187,136,0.1472,0.8528,80,96,88,78,4.5142,101
20614,茗月,茗,月,Ming Yue,MY,13,诗词，仙茗清泠带月煎。,235,518,3152,462,0.0751,0.9249,80,96,84,76,4.4411,101
28852,沁雪,沁,雪,Qin Xue,QX,18,诗词，香沁梅梢新雪。,212,518,2277,124,0.0242,0.9758,79,94,82,76,4.0874,101
27461,艺芸,艺,芸,Yi Yun,YY,11,诗词，艺芸堪亚好。,234,517,2395,181,0.0116,0.9884,82,96,88,78,4.5009,100
30440,晨薇,晨,薇,Chen Wei,CW,27,诗词，晨兴采薇蕨。,197,517,2159,165,0.0074,0.9926,82,96,87,77,4.6995,101
28155,婷月,婷,月,Ting Yue,TY,16,诗词，娉婷心似纤纤月。,234,515,2336,219,0.0009,0.9991,80,94,83,75,4.0322,101
33415,若言,若,言,Ruo Yan,RY,15,诗词，若言琴上有琴声。,226,515,1972,187,0.3668,0.6332,80,94,83,73,4.8062,101
38372,韵瑶,韵,瑶,Yun Yao,YY,27,诗词，韵绕瑶琴。,264,514,1713,114,0.0131,0.9869,81,96,86,78,4.396,101
45177,欣雪,欣,雪,Xin Xue,XX,19,诗词，尔雅欣同小雪吟。,286,513,1445,56,0.0447,0.9553,81,95,86,76,4.481,101
22773,颖思,颖,思,Ying Si,YS,22,诗词，颖然材思精。,172,510,2869,265,0.0541,0.9459,78,93,83,76,4.5364,101
28530,若梦,若,梦,Ruo Meng,RM,19,成语，浮生若梦。,214,509,2244,147,0.0679,0.9321,78,90,81,73,4.2506,101
31635,诗雪,诗,雪,Shi Xue,SX,19,诗词，诗兴翩翩度雪溪。,220,509,2082,176,0.0884,0.9116,80,95,85,76,4.6873,101
41567,婷怡,婷,怡,Ting Yi,TY,20,诗词，娉婷迥自怡。,267,508,1573,91,0.0005,0.9995,83,96,86,79,4.4974,10
28816,雨淇,雨,淇,Yu Qi,YQ,19,诗词，春泥秋雨淇门中。,225,507,2279,163,0.1625,0.8375,81,96,89,77,4.4264,101
38289,云彤,云,彤,Yun Tong,YT,11,诗词，金犀池上火云彤。,198,507,1713,151,0.2091,0.7909,80,96,87,78,4.6501,101
29030,悦晨,悦,晨,Yue Chen,YC,21,诗词，历北林而悦晨风。,203,506,2264,142,0.3063,0.6937,80,96,85,77,4.783,101
33141,潇怡,潇,怡,Xiao Yi,XY,22,诗词，清风潇洒最怡神。,191,506,1990,149,0.0285,0.9715,83,96,88,80,4.1516,10
24197,馨云,馨,云,Xin Yun,XY,24,诗词，芳馨未云息。,215,504,2707,706,0.0164,0.9836,81,96,88,78,4.8702,11
25059,若含,若,含,Ruo Han,RH,15,诗词，花曾识面若含笑。,225,503,2596,440,0.0523,0.9477,79,94,82,74,3.9245,101
34360,依欣,依,欣,Yi Xin,YX,16,诗词，依样欣欣新绿逗。,206,501,1911,123,0.1008,0.8992,83,96,89,79,4.5694,11
38382,云琳,云,琳,Yun Lin,YL,16,诗词，碧云缥缈月琳琅。,236,498,1704,116,0.1068,0.8932,82,96,88,77,4.446,11
39508,婷瑶,婷,瑶,Ting Yao,TY,26,诗词，娉婷仙子下瑶宫。,246,498,1660,173,0.0005,0.9995,81,94,84,78,3.679,101
23739,依璇,依,璇,Yi Xuan,YX,23,诗词，依稀望璇极。,204,497,2759,524,0.0134,0.9866,80,96,87,78,3.9846,11
27870,若伊,若,伊,Ruo Yi,RY,14,诗词，隔水若伊人。,236,495,2351,537,0.0597,0.9403,81,96,84,75,4.9777,101
33855,心恬,心,恬,Xin Tian,XT,13,诗词，身心静恬。,185,495,1945,153,0.0371,0.9629,77,95,84,77,3.7345,101
60529,诗柳,诗,柳,Shi Liu,SL,17,诗词，谢女雪诗栽柳絮。,321,495,1056,60,0.2843,0.7157,76,94,80,74,3.9453,101
21828,芷伊,芷,伊,Zhi Yi,ZY,13,诗词，湘中兰芷伊谁赠。,212,493,2985,609,0.0064,0.9936,81,96,86,78,4.0022,100
30664,宇瑶,宇,瑶,Yu Yao,YY,20,诗词，玉宇瑶天阙。,205,493,2145,137,0.1379,0.8621,82,96,89,78,4.7356,101
30983,霁月,霁,月,Ji Yue,JY,18,成语，光风霁月。,188,492,2123,169,0.0863,0.9137,78,93,81,75,3.7708,101
34309,依琪,依,琪,Yi Qi,YQ,20,诗词，来依琪苑静。,216,492,1915,110,0.0851,0.9149,82,96,88,76,5.1852,101
11355,潇月,潇,月,Xiao Yue,XY,18,诗词，潇湘深夜月明时。,209,490,5468,2429,0.0521,0.9479,80,96,86,77,4.5011,101
21406,姿颖,姿,颖,Zi Ying,ZY,22,诗词，三秀标姿颖不凡。,223,490,3041,464,0.0055,0.9945,83,96,86,77,4.0564,101
43146,韵雪,韵,雪,Yun Xue,YX,24,诗词，清韵须知冰雪同。,252,490,1524,110,0.016,0.984,80,95,84,77,4.148,101
36870,心韵,心,韵,Xin Yun,XY,17,诗词，心平声韵和。,204,489,1769,100,0.0536,0.9464,80,96,86,78,4.717,101
36952,羽帆,羽,帆,Yu Fan,YF,12,诗词，羽信惊帆影。,228,486,1775,133,0.3848,0.6152,78,96,85,77,4.7001,11
44402,童欣,童,欣,Tong Xin,TX,20,诗词，童欣耄欢。,231,484,1471,104,0.2814,0.7186,81,95,82,75,3.904,101
40360,怡薇,怡,薇,Yi Wei,YW,24,诗词，怡神散发思采薇。,239,483,1624,132,0.0025,0.9975,83,96,88,81,4.1959,101
31653,艺瑶,艺,瑶,Yi Yao,YY,18,诗词，艺花抚瑶琴。,231,482,2080,243,0.034,0.966,82,96,88,77,4.6172,101
29494,泽萱,泽,萱,Ze Xuan,ZX,20,诗词，泽兰萱草比多言。,217,481,2230,217,0.279,0.721,81,96,86,77,4.8727,10
34033,云心,云,心,Yun Xin,YX,8,诗词，云无心以出岫。,245,480,1934,151,0.3418,0.6582,79,95,86,75,5.0214,101
21982,姝瑶,姝,瑶,Shu Yao,SY,23,诗词，仙姝并立瑶池东。,187,478,2963,530,0.0009,0.9991,81,96,84,76,4.6052,10
34021,心逸,心,逸,Xin Yi,XY,15,诗词，身安心自逸。,227,478,1932,148,0.4627,0.5373,80,96,87,75,4.1561,101
34542,云潇,云,潇,Yun Xiao,YX,18,诗词，洞庭云水潇湘雨。,200,478,1895,202,0.2855,0.7145,78,95,85,76,4.5958,101
13766,曦月,曦,月,Xi Yue,XY,24,诗词，阳曦曜星月。,205,476,4588,1958,0.0896,0.9104,79,96,85,77,4.6353,101
23256,一菡,一,菡,Yi Han,YH,12,诗词，一池菡萏映涟漪。,218,476,2808,252,0.0268,0.9732,80,96,89,78,4.3995,11
36530,羽晴,羽,晴,Yu Qing,YQ,18,诗词，九皋羽翼下晴空。,210,476,1797,107,0.0404,0.9596,80,96,87,78,4.4192,101
24186,晨语,晨,语,Chen Yu,CY,20,诗词，桐叶晨飘蛩夜语。,226,475,2706,268,0.2841,0.7159,80,96,86,78,4.5243,101
39024,梦元,梦,元,Meng Yuan,MY,15,诗词，殿前梦笔状元策。,203,473,1682,178,0.3669,0.6331,81,95,87,75,4.7863,101
38310,心馨,心,馨,Xin Xin,XX,24,诗词，心事江篱岸芷馨。,220,472,1707,229,0.0961,0.9039,82,96,87,75,4.6496,101
46454,云怡,云,怡,Yun Yi,YY,12,诗词，岭上白云君自怡。,213,472,1400,112,0.0935,0.9065,83,96,90,79,4.3732,101
35495,心琳,心,琳,Xin Lin,XL,16,诗词，清心见琳宇。,224,471,1849,123,0.0771,0.9229,82,96,87,76,4.9664,101
39340,博思,博,思,Bo Si,BS,21,诗词，知君博物饶才思。,195,471,1648,100,0.3906,0.6094,78,92,82,74,4.581,101
25126,诗欣,诗,欣,Shi Xin,SX,16,诗词，诗成心自欣。,193,470,2613,409,0.2721,0.7279,83,96,88,78,4.9785,101
32443,云涵,云,涵,Yun Han,YH,15,诗词，天光云影碧相涵。,207,470,2031,201,0.2754,0.7246,81,96,89,78,4.6001,101
33621,心缘,心,缘,Xin Yuan,XY,16,诗词，同心有缘千里。,253,469,1899,131,0.2757,0.7243,77,92,80,71,4.0196,101
37445,诗薇,诗,薇,Shi Wei,SW,24,诗词，诗成更忆故山薇。,191,469,1752,104,0.0062,0.9938,82,96,88,79,4.6222,101
32677,丝语,丝,语,Si Yu,SY,14,诗词，柳吐金丝莺语早。,216,467,1998,128,0.0182,0.9818,78,92,81,75,3.0093,101
36395,心桐,心,桐,Xin Tong,XT,14,诗词，秋心夜上梧桐月。,219,467,1802,124,0.3452,0.6548,80,96,86,76,4.7068,101
57491,涵柳,涵,柳,Han Liu,HL,20,诗词，濯濯风涵柳。,282,467,1119,73,0.1846,0.8154,76,92,80,76,3.2172,101
19521,梓含,梓,含,Zi Han,ZH,18,诗词，桑梓最含情。,192,465,3324,1044,0.1151,0.8849,79,96,87,78,4.0908,10
34152,逸雪,逸,雪,Yi Xue,YX,22,诗词，逸士踏馀三径雪。,205,463,1927,81,0.1182,0.8818,81,95,85,77,4.8213,101
34922,涵雪,涵,雪,Han Xue,HX,22,诗词，水月光涵疑雪夜。,225,463,1883,138,0.0524,0.9476,80,95,85,77,4.5306,101
27274,宇函,宇,函,Yu Han,YH,14,诗词，栋宇才函丈。,223,462,2410,184,0.3279,0.6721,80,96,87,79,4.1871,11
49925,羽琳,羽,琳,Yu Lin,YL,18,诗词，羽客佩琳琅。,239,462,1300,50,0.0485,0.9515,82,96,88,79,4.5134,11
39626,晨思,晨,思,Chen Si,CS,20,诗词，雨后晨初意思清。,191,461,1655,105,0.186,0.814,78,93,83,75,4.5808,101
40689,程晨,程,晨,Cheng Chen,CC,23,诗词，程文堆案晨兴早。,183,461,1611,75,0.472,0.528,80,94,82,74,4.7574,11
44557,茜瑶,茜,瑶,Qian Yao,QY,23,诗词，茜纱窗下理瑶琴。,249,461,1466,187,0.0019,0.9981,81,96,84,77,3.7723,11
40370,沐晨,沐,晨,Mu Chen,MC,18,诗词，沐雨冲风夜向晨。,204,459,1623,132,0.491,0.509,79,94,80,74,4.3784,101
39122,心愉,心,愉,Xin Yu,XY,16,诗词，吟咏心自愉。,183,456,1677,145,0.3243,0.6757,79,95,86,80,3.1682,101
39517,亦晴,亦,晴,Yi Qing,YQ,18,诗词，宜雨亦宜晴。,190,454,1659,116,0.0848,0.9152,80,96,87,78,4.4031,100
45995,琳月,琳,月,Lin Yue,LY,16,诗词，琳宫辉煌丽日月。,231,453,1418,100,0.0139,0.9861,80,94,84,75,4.3713,101
51067,羽柔,羽,柔,Yu Rou,YR,15,诗词，玉蝶交加翅羽柔。,230,453,1269,59,0.0168,0.9832,78,94,83,77,3.9391,101
40657,梦语,梦,语,Meng Yu,MY,20,诗词，书意与梦语。,223,452,1606,86,0.0542,0.9458,80,95,84,72,4.7941,101
36708,语琪,语,琪,Yu Qi,YQ,21,诗词，言语倾琪琚。,216,451,1785,162,0.0317,0.9683,82,96,88,79,4.2603,11
39677,馨雪,馨,雪,Xin Xue,XX,31,诗词，馨香拥兰雪。,251,450,1652,155,0.0049,0.9951,80,96,86,78,4.2068,101
47731,心柔,心,柔,Xin Rou,XR,13,诗词，蕙心兰态见柔情。,230,448,1362,67,0.0272,0.9728,78,92,82,75,3.94,101
27147,紫茹,紫,茹,Zi Ru,ZR,21,诗词，紫芝春可茹。,204,446,2421,274,0.0052,0.9948,80,96,87,78,4.4917,100
42476,心甜,心,甜,Xin Tian,XT,15,诗词，一半清心一半甜。,209,445,1537,91,0.0391,0.9609,77,94,82,74,3.9455,100
44596,一薇,一,薇,Yi Wei,YW,17,诗词，一池月浸紫薇花。,175,445,1465,91,0.011,0.989,82,96,90,76,4.3371,101
77415,元瑶,元,瑶,Yuan Yao,YY,18,诗词，人间元自有瑶池。,329,444,801,50,0.163,0.837,81,96,85,77,4.6838,11
47671,艺雪,艺,雪,Yi Xue,YX,15,诗词，艺苑才高白雪歌。,217,441,1364,93,0.0413,0.9587,81,96,87,77,4.4528,11
44611,羽昕,羽,昕,Yu Xin,YX,14,诗词，眼中羽檄昕宵别。,207,439,1464,85,0.2481,0.7519,81,96,87,78,3.9192,10
39723,元婷,元,婷,Yuan Ting,YT,16,诗词，开元天子惜娉婷。,175,432,1648,95,0.0092,0.9908,82,96,87,76,4.8441,10
44352,心晨,心,晨,Xin Chen,XC,15,诗词，心似晨星还伴月。,211,432,1461,123,0.4164,0.5836,80,96,86,76,5.0111,101
53523,妍雪,妍,雪,Yan Xue,YX,18,诗词，妍姿蕙雪兰风。,226,430,1208,55,0.0013,0.9987,80,95,84,76,4.0611,101
33247,梓月,梓,月,Zi Yue,ZY,15,诗词，梓树花香月半明。,201,429,1982,168,0.169,0.831,80,96,89,77,4.6016,11
37664,嘉晴,嘉,晴,Jia Qing,JQ,26,诗词，嘉树晴光艳。,187,427,1742,114,0.0773,0.9227,81,96,88,78,4.6127,11
31850,睿瑶,睿,瑶,Rui Yao,RY,28,诗词，睿藻洒瑶篇。,185,425,2068,174,0.0722,0.9278,81,96,86,78,4.7174,11
40572,潇雪,潇,雪,Xiao Xue,XX,25,诗词，潇湘洞庭白雪中。,201,425,1616,220,0.0385,0.9615,80,95,84,76,4.1466,101
50151,伊瑶,伊,瑶,Yi Yao,YY,20,诗词，伊郁瑶瑟情。,232,425,1293,62,0.0191,0.9809,81,96,87,78,4.6194,11
38535,茜月,茜,月,Qian Yue,QY,13,诗词，茜纱窗外月如霜。,219,424,1704,147,0.0032,0.9968,80,95,84,77,4.151,101
38899,欣卉,欣,卉,Xin Hui,XH,13,诗词，欣欣卉并荣。,185,424,1687,159,0.0082,0.9918,81,96,86,78,4.4084,101
55799,傲晴,傲,晴,Ao Qing,AQ,24,诗词，梅留傲骨撑晴昊。,252,424,1156,54,0.0374,0.9626,78,90,77,74,2.9006,100
33092,诗茗,诗,茗,Shi Ming,SM,17,诗词，十载知心诗与茗。,170,422,1992,304,0.2387,0.7613,80,96,86,77,4.9182,101
54440,佳诗,佳,诗,Jia Shi,JS,16,诗词，佳诗如隽永。,191,421,1187,61,0.1379,0.8621,78,96,86,78,4.3356,101
48292,含雪,含,雪,Han Xue,HX,18,诗词，窗含西岭千秋雪。,203,420,1315,93,0.0439,0.9561,79,92,81,75,3.7314,101
35375,佳语,佳,语,Jia Yu,JY,17,诗词，千载杜陵佳语在。,212,419,1857,154,0.1647,0.8353,81,96,89,77,4.2189,101
55545,茜薇,茜,薇,Qian Wei,QW,25,诗词，茜紫薇红。,228,418,1162,251,0.0001,0.9999,82,96,84,78,3.85,10
34669,涵语,涵,语,Han Yu,HY,20,诗词，月涵花态语如弦。,207,416,1897,264,0.1594,0.8406,80,96,86,77,3.9623,11
45508,泽怡,泽,怡,Ze Yi,ZY,16,诗词，泽畔藕花怡旅况。,194,415,1434,79,0.26,0.74,83,96,89,77,4.8228,10
47942,云颖,云,颖,Yun Ying,YY,17,诗词，瞻云颖上情。,192,414,1352,99,0.0953,0.9047,83,96,90,78,4.1788,101
67996,融雪,融,雪,Rong Xue,RX,27,诗词，暖风融雪晴方好。,272,414,925,44,0.0659,0.9341,79,92,82,77,2.9269,101
47396,云莹,云,莹,Yun Ying,YY,14,诗词，地境云光莹。,200,413,1372,72,0.0389,0.9611,83,96,89,79,4.324,101
28047,颖星,颖,星,Ying Xing,YX,22,诗词，垂颖馀光近帝星。,158,411,2341,765,0.4341,0.5659,80,93,83,74,4.7076,11
51542,桐欣,桐,欣,Tong Xin,TX,18,诗词，桐孙扶杖更欣欣。,195,411,1257,75,0.3629,0.6371,81,96,83,75,3.9838,100
37316,童瑶,童,瑶,Tong Yao,TY,26,诗词，呼童抱瑶琴。,181,410,1758,166,0.0767,0.9233,79,92,80,74,3.7537,11
42622,昊月,昊,月,Hao Yue,HY,12,诗词，昊天出华月。,183,410,1534,147,0.3838,0.6162,80,96,85,75,4.8728,101
48377,云晴,云,晴,Yun Qing,YQ,16,诗词，草香沙暖水云晴。,181,408,1321,62,0.09,0.91,80,95,87,76,4.8677,101
34153,星涵,星,涵,Xing Han,XH,20,诗词，星河夜半涵。,188,407,1926,293,0.3653,0.6347,81,95,84,75,4.8843,101
43427,心晴,心,晴,Xin Qing,XQ,16,诗词，心逐晴云万里南。,228,406,1468,80,0.0646,0.9354,80,93,81,72,4.9882,101
44972,熙月,熙,月,Xi Yue,XY,18,诗词，楚舞熙风月。,192,406,1452,136,0.2481,0.7519,80,96,87,77,4.8725,11
51242,忆晨,忆,晨,Yi Chen,YC,15,诗词，忆昔凌晨泛雪湖。,188,400,1258,89,0.2311,0.7689,80,96,87,78,4.1029,101
67791,云薇,云,薇,Yun Wei,YW,20,诗词，孤云伴采薇。,226,400,931,90,0.009,0.991,82,96,88,77,4.7074,101
43118,羽霏,羽,霏,Yu Fei,YF,22,诗词，鸣弦落羽雪霏霏。,203,396,1516,102,0.093,0.907,79,96,86,77,3.9893,11
52859,怡月,怡,月,Yi Yue,YY,12,诗词，夜静怡情月满林。,233,394,1224,189,0.0506,0.9494,81,96,88,78,4.6483,101
45323,云宵,云,宵,Yun Xiao,YX,14,诗词，注目云宵看凤翔。,193,392,1440,104,0.366,0.634,74,92,81,74,3.5658,101
58131,云嘉,云,嘉,Yun Jia,YJ,18,诗词，风云嘉会。,204,392,1104,100,0.4606,0.5394,80,96,88,78,4.6839,101
43622,语琦,语,琦,Yu Qi,YQ,21,诗词，等闲言语变瑰琦。,200,390,1498,105,0.0453,0.9547,82,96,88,78,4.1369,10
98524,含卉,含,卉,Han Hui,HH,12,诗词，百物含芳卉。,302,390,604,19,0.008,0.992,79,95,81,77,3.0402,10
49803,伊晴,伊,晴,Yi Qing,YQ,18,诗词，伊水晴光碧玉秋。,180,389,1303,76,0.0164,0.9836,80,96,87,77,4.4409,101
25424,蕊嘉,蕊,嘉,Rui Jia,RJ,29,诗词，篱蕊酬嘉节。,184,388,2580,704,0.0148,0.9852,80,95,84,77,3.9768,10
31333,思妙,思,妙,Si Miao,SM,16,成语，奇思妙想。,167,384,2100,276,0.1992,0.8008,74,93,83,75,3.837,101
52720,嘉思,嘉,思,Jia Si,JS,23,诗词，修然有嘉思。,186,383,1226,109,0.191,0.809,79,95,86,76,4.6751,101
59081,云萱,云,萱,Yun Xuan,YX,16,诗词，云舍萱花凌雪芳。,209,383,1083,111,0.1019,0.8981,81,96,88,78,4.4272,11
45504,韵晴,韵,晴,Yun Qing,YQ,25,诗词，月华流韵彻晴空。,163,382,1435,171,0.0113,0.9887,80,96,84,75,4.4672,101
41015,睿雪,睿,雪,Rui Xue,RX,25,诗词，睿藻惊传瑞雪歌。,174,381,1597,88,0.0868,0.9132,80,94,84,76,4.4168,11
45888,如茵,如,茵,Ru Yin,RY,15,成语，绿草如茵。,159,381,1422,134,0.0115,0.9885,76,92,80,74,4.1441,101
52197,亦雪,亦,雪,Yi Xue,YX,17,诗词，江上亦春雪。,187,381,1240,50,0.1166,0.8834,80,96,86,77,4.8371,101
43335,羽童,羽,童,Yu Tong,YT,18,诗词，羽童吟作步虚词。,175,380,1508,101,0.3227,0.6773,79,96,87,77,4.3481,101
53323,羽然,羽,然,Yu Ran,YR,18,诗词，羽翼自然成。,211,380,1213,73,0.3327,0.6673,79,96,85,76,5.1433,101
43882,含月,含,月,Han Yue,HY,11,诗词，含烟带月碧于蓝。,180,376,1490,217,0.0593,0.9407,79,95,83,74,4.0258,101
55850,一思,一,思,Yi Si,YS,10,诗词，一字相思。,177,376,1149,113,0.2553,0.7447,78,94,84,73,4.7434,101
77870,婷雪,婷,雪,Ting Xue,TX,23,诗词，不见娉婷带雪时。,249,374,795,29,0.0007,0.9993,80,93,83,76,3.1789,11
35861,若语,若,语,Ruo Yu,RY,17,诗词，花若解语。,204,373,1830,182,0.1772,0.8228,80,96,85,76,4.4892,101
65398,柔雪,柔,雪,Rou Xue,RX,20,诗词，柔肌映雪。,258,373,971,114,0.0202,0.9798,79,90,81,76,2.8719,101
61815,瑶璐,瑶,璐,Yao Lu,YL,31,诗词，凉影乱瑶璐。,204,372,1033,79,0.0126,0.9874,79,94,82,77,3.385,100
48546,皓雪,皓,雪,Hao Xue,HX,23,诗词，飞霜皓如雪。,171,368,1337,101,0.2098,0.7902,80,92,81,75,4.2508,101
37602,紫墨,紫,墨,Zi Mo,ZM,27,诗词，黄麻紫墨星争光。,205,367,1745,246,0.1703,0.8297,74,95,83,77,3.6455,100
88957,瑶雪,瑶,雪,Yao Xue,YX,25,诗词，瑶台雪花数千点。,261,367,682,24,0.0178,0.9822,79,92,82,76,3.2061,101
66128,云雯,云,雯,Yun Wen,YW,16,诗词，好云乘雨到雯峰。,173,366,958,54,0.0197,0.9803,81,95,87,77,4.3319,10
64029,逸思,逸,思,Yi Si,YS,20,诗词，逸思生风翰。,177,365,993,81,0.2095,0.7905,79,96,85,77,4.5922,101
46326,泽彤,泽,彤,Ze Tong,ZT,15,诗词，梦泽表彤弓。,178,359,1408,193,0.474,0.526,80,95,86,76,4.7802,10
61498,忆柳,忆,柳,Yi Liu,YL,13,诗词，忆昔东风御柳斜。,189,359,1038,57,0.1452,0.8548,76,93,80,75,3.3958,101
50724,元琳,元,琳,Yuan Lin,YL,16,诗词，谢家元自识琳琅。,143,358,1277,74,0.1681,0.8319,82,96,89,76,4.3108,100
49212,韵思,韵,思,Yun Si,YS,22,诗词，千秋流韵使人思。,172,357,1318,101,0.0312,0.9688,78,94,82,76,4.266,101
47177,艺晴,艺,晴,Yi Qing,YQ,16,诗词，耕艺兮雨晴。,157,356,1380,130,0.0293,0.9707,81,96,88,79,4.5917,11
82961,茗雪,茗,雪,Ming Xue,MX,20,诗词，一杯春茗雪花轻。,242,356,730,36,0.0558,0.9442,80,93,83,76,3.6146,101
48432,湘月,湘,月,Xiang Yue,XY,16,诗词，湘江好烟月。,175,354,1341,179,0.095,0.905,80,94,84,75,4.8215,101
51740,雨茹,雨,茹,Yu Ru,YR,17,诗词，但道雨多蔬茹肥。,163,354,1251,77,0.0083,0.9917,81,96,88,78,4.2796,10
112836,凝蝶,凝,蝶,Ning Die,ND,31,诗词，光凝蝶翅明。,300,354,512,30,0.001,0.999,73,83,76,74,1.6859,100
59100,若月,若,月,Ruo Yue,RY,12,诗词，皎若月在天。,184,352,1086,62,0.0793,0.9207,80,89,81,72,4.2492,101
59345,樱雪,樱,雪,Ying Xue,YX,26,诗词，处处山樱雪满丛。,212,352,1075,66,0.0024,0.9976,78,92,80,75,3.4578,101
80363,茗薇,茗,薇,Ming Wei,MW,25,诗词，见童烹茗荐薇蕨。,203,350,768,48,0.0038,0.9962,82,96,85,77,3.9,10
53575,泽瑶,泽,瑶,Ze Yao,ZY,22,诗词，曾经泽畔闻瑶瑟。,171,348,1207,83,0.282,0.718,81,94,86,76,4.1756,11
59246,蕙茹,蕙,茹,Hui Ru,HR,24,诗词，蕙荪成茅茹。,181,348,1083,74,0.0007,0.9993,80,95,83,78,3.4935,101
69166,依薇,依,薇,Yi Wei,YW,24,诗词，不然玉堂依紫薇。,172,346,908,42,0.0019,0.9981,82,96,87,75,4.5165,101
43539,姝月,姝,月,Shu Yue,SY,13,诗词，燕姝对明月。,145,345,1501,412,0.0015,0.9985,80,96,84,75,4.344,101
87829,元彤,元,彤,Yuan Tong,YT,11,诗词，元日彤庭实。,211,344,692,103,0.3088,0.6912,80,95,84,74,4.9221,10
86151,茜雪,茜,雪,Qian Xue,QX,20,诗词，茜雪照春空。,244,343,707,74,0.0023,0.9977,80,94,82,76,3.5637,101
56291,欣晴,欣,晴,Xin Qing,XQ,20,诗词，草树欣欣照晚晴。,173,342,1144,65,0.0318,0.9682,81,96,86,76,4.9825,101
84190,奇思,奇,思,Qi Si,QS,17,成语，奇思妙想。,208,341,722,46,0.4015,0.5985,78,92,80,73,4.2002,101
52689,紫宇,紫,宇,Zi Yu,ZY,18,诗词，紫芝眉宇。,169,339,1228,123,0.4289,0.5711,83,96,90,79,4.3381,100
87744,伊薇,伊,薇,Yi Wei,YW,22,诗词，伊迩紫薇垣。,202,338,691,34,0.0015,0.9985,82,96,87,80,4.1176,10
67280,泽馨,泽,馨,Ze Xin,ZX,28,诗词，自是承宗德泽馨。,166,337,937,68,0.3417,0.6583,82,95,86,76,4.2982,101
98707,悦雪,悦,雪,Yue Xue,YX,21,诗词，飞雪悦朱颜。,258,336,603,29,0.0574,0.9426,80,95,85,77,3.7754,2
84066,云韵,云,韵,Yun Yun,YY,17,诗词，云冷月明清有韵。,194,333,724,55,0.075,0.925,80,96,87,78,4.4613,101
101601,语柳,语,柳,Yu Liu,YL,18,诗词，两岸雨收莺语柳。,204,333,582,13,0.0402,0.9598,76,92,79,74,3.6016,100
65279,泽菲,泽,菲,Ze Fei,ZF,19,诗词，春生泽国芳菲早。,180,332,968,110,0.1949,0.8051,81,94,85,76,4.6226,101
63081,云靖,云,靖,Yun Jing,YJ,17,诗词，星碉云堡靖山梁。,146,331,1009,89,0.4583,0.5417,79,95,85,76,4.6369,101
61677,莹月,莹,月,Ying Yue,YY,14,诗词，卓竖莹莹明月现。,174,329,1036,145,0.0072,0.9928,80,94,84,75,4.2703,101
79738,语雪,语,雪,Yu Xue,YX,20,诗词，寄语雪中花。,229,329,773,45,0.0101,0.9899,80,95,84,77,4.4755,101
64421,辰月,辰,月,Chen Yue,CY,11,诗词，更值良辰星月高。,166,328,964,134,0.1748,0.8252,80,93,82,74,4.8109,101
55714,知涵,知,涵,Zhi Han,ZH,19,诗词，知涵云谷几多云。,161,326,1158,73,0.3369,0.6631,80,96,85,75,4.5984,101
58838,泽萌,泽,萌,Ze Meng,ZM,19,诗词，君看馀泽滋萌达。,160,324,1091,102,0.469,0.531,79,92,82,75,4.4566,11
55378,奕晴,奕,晴,Yi Qing,YQ,21,诗词，奕奕梨花照晚晴。,149,323,1166,148,0.0757,0.9243,81,96,87,76,4.6452,101
55733,晴月,晴,月,Qing Yue,QY,16,诗词，团团新晴月。,143,323,1157,73,0.0259,0.9741,79,92,83,74,3.9673,101
64300,逸诗,逸,诗,Yi Shi,YS,19,诗词，清新俊逸属诗家。,136,322,989,76,0.2719,0.7281,78,94,82,75,4.5109,101
83566,菲月,菲,月,Fei Yue,FY,15,诗词，花自芳菲月自华。,205,321,733,29,0.0062,0.9938,79,94,84,75,3.7796,101
71351,羽思,羽,思,Yu Si,YS,15,诗词，天风入羽思江湖。,142,320,879,51,0.1061,0.8939,78,95,85,75,4.4673,101
61927,若茹,若,茹,Ruo Ru,RR,17,诗词，客若远来亦堪茹。,156,319,1030,44,0.0103,0.9897,80,92,82,73,4.2199,101
47453,悦晴,悦,晴,Yue Qing,YQ,22,诗词，喜悦还随鸟雀晴。,158,318,1371,80,0.041,0.959,80,95,84,76,4.5667,101
62736,艺月,艺,月,Yi Yue,YY,8,诗词，艺兰月月颁新令。,164,318,1016,78,0.0559,0.9441,81,96,88,77,4.9346,11
74144,沁月,沁,月,Qin Yue,QY,11,诗词，露华香沁庭中月。,160,317,842,39,0.033,0.967,79,94,82,74,4.5904,101
76611,依柳,依,柳,Yi Liu,YL,17,诗词，依依杨柳。,158,317,808,66,0.1065,0.8935,76,92,80,73,4.085,101
68019,逸晴,逸,晴,Yi Qing,YQ,23,诗词，轻盈逸致宜晴霁。,147,315,928,45,0.086,0.914,81,96,87,78,4.4234,101
63641,雨月,雨,月,Yu Yue,YY,12,诗词，露如轻雨月如霜。,189,312,999,106,0.0644,0.9356,81,95,86,74,5.2052,101
57860,妍月,妍,月,Yan Yue,YY,11,诗词，妍姿艳月映。,176,311,1111,167,0.0018,0.9982,80,96,86,77,4.4543,101
76627,云诗,云,诗,Yun Shi,YS,12,诗词，月中吟就白云诗。,147,311,811,68,0.2819,0.7181,77,92,83,74,4.4167,101
58304,盈月,盈,月,Ying Yue,YY,13,诗词，盈盈如月。,158,310,1101,208,0.0249,0.9751,79,95,83,75,4.4759,101
85360,云菁,云,菁,Yun Jing,YJ,15,诗词，坐看云岫菁英显。,165,309,715,39,0.0741,0.9259,80,96,86,77,4.2591,101
85320,薇茹,薇,茹,Wei Ru,WR,25,诗词，采薇及茹芝。,191,307,716,53,0.0002,0.9998,80,95,83,76,4.0221,11
54648,宇诗,宇,诗,Yu Shi,YS,14,诗词，玉宇无尘合有诗。,141,306,1182,259,0.3527,0.6473,78,95,85,77,4.5055,101
78430,泽薇,泽,薇,Ze Wei,ZW,24,诗词，泽我西山薇。,156,304,789,57,0.0299,0.9701,82,96,87,77,4.7115,101
74333,云妍,云,妍,Yun Yan,YY,11,诗词，花色烘云春正妍。,161,303,840,68,0.0075,0.9925,83,96,89,79,4.4626,101
40948,俊含,俊,含,Jun Han,JH,16,诗词，俊含金气翎如雪。,137,301,1600,228,0.1753,0.8247,80,96,85,76,4.9505,101
55015,嘉语,嘉,语,Jia Yu,JY,23,诗词，嘉评秀语赞纷纷。,166,299,1174,92,0.2908,0.7092,81,96,89,79,4.1444,101
49442,奕茹,奕,茹,Yi Ru,YR,18,诗词，君家奕叶居茹溪。,151,297,1313,189,0.019,0.981,81,96,88,77,4.5963,10
69314,怡思,怡,思,Yi Si,YS,17,诗词，怡神散发思采薇。,162,296,908,65,0.0712,0.9288,79,96,86,76,4.6614,11
84234,芷月,芷,月,Zhi Yue,ZY,11,诗词，涧芷汀荃泛月澜。,168,296,727,47,0.0086,0.9914,80,96,85,76,4.6211,11
66614,语思,语,思,Yu Si,YS,18,诗词，因风寄语遥相思。,152,290,949,63,0.0198,0.9802,78,95,83,75,4.5228,101
59209,梦柳,梦,柳,Meng Liu,ML,20,诗词，春风如梦柳丝长。,134,289,1083,66,0.064,0.936,76,88,80,72,3.6591,101
63701,琳璇,琳,璇,Lin Xuan,LX,27,诗词，琳宫起璇榜。,136,288,998,76,0.0047,0.9953,80,96,84,76,4.3414,10
45400,涵淇,涵,淇,Han Qi,HQ,22,诗词，诵诗涵泳淇泉绿。,141,287,1438,245,0.1761,0.8239,80,96,84,75,4.9496,100
56216,熙茹,熙,茹,Xi Ru,XR,23,诗词，熙朝仕版快茹征。,147,286,1146,64,0.0384,0.9616,80,96,84,75,4.8935,10
68618,懿璇,懿,璇,Yi Xuan,YX,37,诗词，懿范树璇闺。,130,285,918,70,0.031,0.969,80,96,85,78,3.8744,10
77154,羽墨,羽,墨,Yu Mo,YM,21,诗词，白羽鹅翻洗墨池。,159,285,805,135,0.2804,0.7196,74,92,79,73,4.1399,11
101469,云悦,云,悦,Yun Yue,YY,14,诗词，朝见白云悦。,195,285,582,30,0.2517,0.7483,81,95,86,77,4.3976,101
70024,浩怡,浩,怡,Hao Yi,HY,18,诗词，烟波浩荡堪怡性。,132,283,898,45,0.3707,0.6293,83,96,89,77,4.7405,101
62695,云淇,云,淇,Yun Qi,YQ,15,诗词，挹庇云淇。,151,280,1017,142,0.3529,0.6471,80,96,86,75,5.1244,101
98746,云羽,云,羽,Yun Yu,YY,10,诗词，风驭云轩鹤羽轻。,171,280,600,37,0.3542,0.6458,82,96,88,79,4.6031,101
66809,亦茹,亦,茹,Yi Ru,YR,15,诗词，蔬亦美可茹。,128,277,947,48,0.0215,0.9785,80,96,88,77,4.5205,101
108468,姿薇,姿,薇,Zi Wei,ZW,25,诗词，清姿早濯薇垣露。,180,277,538,34,0.0005,0.9995,82,96,86,77,3.5199,10
103965,云姿,云,姿,Yun Zi,YZ,13,诗词，惠风心性彩云姿。,161,274,565,33,0.0255,0.9745,79,94,84,77,4.1232,101
74015,亦诗,亦,诗,Yi Shi,YS,14,诗词，花竹亦诗香。,130,272,845,150,0.2689,0.7311,77,95,83,75,4.5777,101
61767,语墨,语,墨,Yu Mo,YM,24,诗词，高谈妙语翰墨香。,157,271,1034,90,0.0622,0.9378,74,92,80,74,3.8002,101
90668,云珂,云,珂,Yun Ke,YK,13,诗词，白云为带月为珂。,131,271,666,38,0.4088,0.5912,78,95,84,76,4.5136,101
71264,宛晴,宛,晴,Wan Qing,WQ,20,诗词，宛宛晴莺鸣。,137,270,881,67,0.0091,0.9909,79,95,83,76,3.9341,100
72826,睿诗,睿,诗,Rui Shi,RS,22,诗词，睿文诗播乐。,144,269,860,65,0.2094,0.7906,77,92,80,75,4.1613,11
62370,涵茹,涵,茹,Han Ru,HR,20,诗词，涵古茹今学力深。,140,264,1023,102,0.0091,0.9909,80,95,84,76,4.5326,10
81556,浩妍,浩,妍,Hao Yan,HY,17,诗词，浩荡长河曙色妍。,133,263,754,48,0.0416,0.9584,83,96,87,77,5.1537,100
123621,凝思,凝,思,Ning Si,NS,25,诗词，凝情不语空所思。,169,257,458,22,0.0209,0.9791,77,87,78,73,2.8533,101
38031,童舒,童,舒,Tong Shu,TS,24,诗词，儿童眉宇亦先舒。,127,254,1726,876,0.2186,0.7814,78,90,78,74,3.2051,101
68509,湘淇,湘,淇,Xiang Qi,XQ,23,诗词，飞落潇湘淇水濒。,128,254,920,110,0.2281,0.7719,80,95,82,74,5.1056,101
84343,悦诗,悦,诗,Yue Shi,YS,18,诗词，悦我诗书。,140,248,726,44,0.1451,0.8549,77,92,80,74,4.0672,101
103421,悦思,悦,思,Yue Si,YS,19,诗词，悦思随鹿依丰菅。,143,247,568,28,0.1074,0.8926,78,93,81,75,4.1031,101
89733,湘晴,湘,晴,Xiang Qing,XQ,24,诗词，湘江烟水晓初晴。,120,244,675,80,0.0509,0.9491,80,96,85,77,4.5298,101
96102,嘉诗,嘉,诗,Jia Shi,JS,22,诗词，嘉禾山水尽君诗。,126,244,623,52,0.2496,0.7504,78,94,85,75,4.5724,101
74635,舒语,舒,语,Shu Yu,SY,21,诗词，心舒语还简。,133,243,836,93,0.0966,0.9034,80,96,86,78,4.1948,101
80239,紫语,紫,语,Zi Yu,ZY,21,诗词，喃喃紫燕春风语。,142,242,769,77,0.098,0.902,80,96,87,77,4.0617,100
97509,忆晴,忆,晴,Yi Qing,YQ,16,诗词，长忆看花溪雪晴。,133,241,610,35,0.0283,0.9717,80,95,85,76,4.1289,100
85922,晨诗,晨,诗,Chen Shi,CS,19,诗词，见君晨兴诗。,116,240,710,68,0.2436,0.7564,77,94,83,75,4.3457,101
87799,亦思,亦,思,Yi Si,YS,15,诗词，我亦思君。,124,238,682,60,0.2069,0.7931,78,95,84,74,5.1213,101
100935,心璇,心,璇,Xin Xuan,XX,19,诗词，心运璇玑。,139,238,576,37,0.0439,0.9561,80,95,84,74,5.0186,10
93127,一柳,一,柳,Yi Liu,YL,10,诗词，春江一曲柳千条。,108,234,642,77,0.4155,0.5845,76,90,82,72,4.1241,101
69706,欣禾,欣,禾,Xin He,XH,13,诗词，秋老欣禾熟。,112,231,903,105,0.2807,0.7193,78,95,84,77,4.3952,101
81400,童语,童,语,Tong Yu,TY,21,诗词，儿童笑语喧。,126,229,756,187,0.2585,0.7415,78,92,80,74,3.5297,101
91560,晨璇,晨,璇,Chen Xuan,CX,26,诗词，萧晨企璇汉。,119,229,659,55,0.0512,0.9488,80,96,85,76,4.6377,10
93769,依思,依,思,Yi Si,YS,17,诗词，杨柳依依旅思长。,129,229,634,66,0.0543,0.9457,78,95,84,74,5.2283,101
77589,元馨,元,馨,Yuan Xin,YX,24,诗词，宋元诗礼留芳馨。,107,228,800,161,0.2047,0.7953,82,96,88,76,4.7274,11
90456,艺诗,艺,诗,Yi Shi,YS,12,诗词，绝艺诗书画并工。,114,227,668,47,0.1072,0.8928,78,94,84,74,4.6947,101
112521,倚晴,倚,晴,Yi Qing,YQ,22,诗词，独倚雪初晴。,132,227,514,25,0.0373,0.9627,79,94,84,76,3.4654,100
99040,语星,语,星,Yu Xing,YX,18,诗词，寄语天河牛女星。,136,225,589,41,0.2133,0.7867,80,95,85,75,5.0676,101
112352,雨知,雨,知,Yu Zhi,YZ,16,诗词，好雨知时节。,122,225,516,38,0.3339,0.6661,77,94,84,75,4.1373,101
69723,奕诗,奕,诗,Yi Shi,YS,17,诗词，奕世诗书贯胸臆。,91,223,902,254,0.2454,0.7546,78,93,84,75,4.0677,101
92620,佳柳,佳,柳,Jia Liu,JL,17,诗词，佳句晓风杨柳岸。,105,223,650,37,0.1905,0.8095,77,90,83,75,3.78,11
105269,一诗,一,诗,Yi Shi,YS,9,诗词，一诗成似一花开。,124,220,558,36,0.3258,0.6742,77,92,84,75,4.355,101
137413,丝柳,丝,柳,Si Liu,SL,14,诗词，丝丝杨柳莺声近。,162,220,401,23,0.0217,0.9783,74,85,75,71,2.5405,101
88058,潇晴,潇,晴,Xiao Qing,XQ,26,诗词，潇湘昨夜雨初晴。,109,219,690,86,0.0273,0.9727,80,96,85,75,4.5193,101
64095,知遥,知,遥,Zhi Yao,ZY,21,诗词，孰知天地遥。,90,216,987,285,0.4828,0.5172,76,90,79,72,3.5974,101
105582,元菲,元,菲,Yuan Fei,YF,15,诗词，元夕芳菲。,113,216,556,42,0.1072,0.8928,81,93,85,75,4.6908,101
56264,桐语,桐,语,Tong Yu,TY,19,诗词，梧桐细语秋传信。,118,215,1130,284,0.3364,0.6636,78,92,79,73,3.7729,101
174423,浩漫,浩,漫,Hao Man,HM,24,诗词，碧海之波浩漫漫。,171,215,295,14,0.3142,0.6858,76,86,77,73,2.7735,100
95643,熙晴,熙,晴,Xi Qing,XQ,26,诗词，冬暖熙熙作午晴。,113,211,627,67,0.1442,0.8558,80,96,84,75,4.9856,101
65986,岚心,岚,心,Lan Xin,LX,11,诗词，岚烟瀑雨清心颜。,119,210,961,140,0.0896,0.9104,78,95,84,77,3.8044,11
103012,怡诗,怡,诗,Yi Shi,YS,16,诗词，奏我怡轩诗。,116,209,573,32,0.0975,0.9025,78,96,85,76,4.7343,11
60030,宸语,宸,语,Chen Yu,CY,19,诗词，枫宸天语沛温词。,111,208,1067,253,0.4496,0.5504,79,95,84,75,3.8713,101
86322,禹晴,禹,晴,Yu Qing,YQ,21,诗词，禹门九万晴涛绿。,108,207,706,191,0.1009,0.8991,80,95,84,77,4.3236,10
213083,萱诗,萱,诗,Xuan Shi,XS,20,诗词，山丹萱草不禁诗。,195,207,226,8,0.0441,0.9559,76,89,78,75,2.4501,11
90116,奕思,奕,思,Yi Si,YS,18,诗词，奕奕思何长。,91,206,671,101,0.1875,0.8125,79,95,86,75,4.7631,101
99517,知语,知,语,Zhi Yu,ZY,17,诗词，知有阆风花解语。,118,206,581,34,0.3926,0.6074,79,95,84,77,3.8424,101
96350,卓思,卓,思,Zhuo Si,ZS,17,诗词，卓女才多含绮思。,94,205,619,70,0.1964,0.8036,77,88,79,71,4.1625,101
113436,萧晴,萧,晴,Xiao Qing,XQ,23,诗词，风色萧萧日色晴。,124,204,510,35,0.0376,0.9624,79,96,84,78,3.7699,100
110803,羽诗,羽,诗,Yu Shi,YS,14,诗词，翠羽听诗霜簌簌。,110,203,524,35,0.1433,0.8567,77,94,83,74,4.6268,101
103088,辰语,辰,语,Chen Yu,CY,16,诗词，良辰笑语。,124,202,573,60,0.346,0.654,80,96,84,75,4.2796,11
111261,晨晴,晨,晴,Chen Qing,CQ,23,诗词，晨来雨渐晴。,105,202,522,38,0.075,0.925,80,93,84,74,4.679,101
196751,凝璐,凝,璐,Ning Lu,NL,33,诗词，凝水成冰截璐方。,170,202,252,14,0.0076,0.9924,79,89,81,75,2.6429,10
112673,昕晴,昕,晴,Xin Qing,XQ,20,诗词，渐舒昕日作晴明。,111,200,514,38,0.0379,0.9621,80,95,83,74,4.5904,11
121792,元心,元,心,Yuan Xin,YX,8,诗词，依依元是故人心。,118,199,467,46,0.4674,0.5326,79,92,84,72,4.3631,101
132326,辰思,辰,思,Chen Si,CS,16,诗词，辰阳夕宿有沉思。,117,198,418,24,0.2335,0.7665,78,93,81,74,4.3874,101
122515,雯星,雯,星,Wen Xing,WX,21,诗词，已是明雯星露会。,106,197,463,37,0.0847,0.9153,80,92,84,75,4.2551,101
100796,潇语,潇,语,Xiao Yu,XY,23,诗词，潇湘莺语自关关。,107,195,588,59,0.1208,0.8792,80,95,84,77,3.7877,101
113273,丝思,丝,思,Si Si,SS,14,诗词，千丝万缕是相思。,104,195,506,40,0.0106,0.9894,76,89,79,72,3.5216,101
119456,佳梓,佳,梓,Jia Zi,JZ,19,诗词，佳城惜梓桐。,114,195,478,42,0.299,0.701,77,95,84,77,4.1434,11
85609,奥涵,奥,涵,Ao Han,AH,23,诗词，奥义涵其中。,113,192,713,117,0.2401,0.7599,79,94,81,75,3.9855,10
121728,若柳,若,柳,Ruo Liu,RL,17,诗词，未若柳絮因风起。,114,190,463,44,0.2045,0.7955,76,86,77,70,3.5427,100
83752,知颖,知,颖,Zhi Ying,ZY,21,诗词，敏知才脱颖。,81,189,731,97,0.1234,0.8766,82,95,85,75,4.8316,101
108127,沐晴,沐,晴,Mu Qing,MQ,19,诗词，开怀共沐晚晴天。,102,189,540,93,0.0854,0.9146,79,92,80,73,4.1448,100
156544,欣思,欣,思,Xin Si,XS,17,诗词，花木欣欣春思回。,128,188,340,23,0.0847,0.9153,79,93,84,75,4.6104,101
92768,熙语,熙,语,Xi Yu,XY,23,诗词，熙熙笑语。,114,187,650,62,0.4519,0.5481,80,95,84,76,4.6959,101
130536,知欣,知,欣,Zhi Xin,ZX,16,诗词，知音相遇两欣然。,93,186,429,48,0.4207,0.5793,82,95,86,75,4.2688,101
97387,涵墨,涵,墨,Han Mo,HM,26,诗词，青涵墨彩。,113,185,613,62,0.2639,0.7361,74,90,78,72,3.7358,101
118091,靖诗,靖,诗,Jing Shi,JS,21,诗词，梅经和靖诗堪画。,95,184,485,40,0.2539,0.7461,77,92,80,74,4.3905,101
110338,依淇,依,淇,Yi Qi,YQ,19,诗词，依然淇澳。,98,180,527,58,0.1011,0.8989,80,95,86,75,4.5568,10
132242,涵思,涵,思,Han Si,HS,20,诗词，江涵璧月号相思。,90,176,422,31,0.0984,0.9016,78,92,82,73,4.2598,101
100612,嫣语,嫣,语,Yan Yu,YY,23,诗词，姹紫嫣红花解语。,101,175,590,58,0.0077,0.9923,79,91,81,75,3.2787,101
123827,涵诗,涵,诗,Han Shi,HS,19,诗词，元气长涵老杜诗。,85,175,454,47,0.1334,0.8666,77,91,79,72,4.2676,101
120129,欣梓,欣,梓,Xin Zi,XZ,19,诗词，更欣桑梓共分辉。,86,172,475,50,0.2581,0.7419,77,94,83,73,4.392,101
134778,韵语,韵,语,Yun Yu,YY,22,诗词，松声泉韵如相语。,109,172,412,37,0.053,0.947,80,95,83,74,4.7358,101
133122,含语,含,语,Han Yu,HY,16,诗词，长啸清风含雪语。,101,169,419,32,0.1361,0.8639,79,92,81,73,3.759,101
107470,诺思,诺,思,Nuo Si,NS,19,诗词，千金一诺两怀思。,82,167,525,75,0.0971,0.9029,76,83,74,69,3.2263,11
137611,元怡,元,怡,Yuan Yi,YY,12,诗词，上元芳景自熙怡。,103,166,401,26,0.1484,0.8516,83,96,88,79,4.4752,11
152858,浩晴,浩,晴,Hao Qing,HQ,22,诗词，江波浩荡江天晴。,83,165,352,39,0.3609,0.6391,80,92,84,74,4.5807,101
154978,默思,默,思,Mo Si,MS,25,诗词，默默常如有所思。,106,165,344,39,0.1465,0.8535,76,83,73,68,2.6885,101
99831,妍语,妍,语,Yan Yu,YY,16,诗词，妍语含英姿。,100,164,595,49,0.0044,0.9956,80,96,85,76,4.2571,101
117213,茗语,茗,语,Ming Yu,MY,18,诗词，茗碗香烟笑语温。,98,164,489,49,0.1686,0.8314,80,94,83,76,4.0453,101
140751,菲语,菲,语,Fei Yu,FY,20,诗词，缪图菲语何足记。,98,164,380,32,0.0154,0.9846,79,93,82,74,3.8127,101
126162,予墨,予,墨,Yu Mo,YM,19,诗词，予知淡笔墨。,96,162,447,46,0.4044,0.5956,74,88,77,71,3.5898,101
120965,睿知,睿,知,Rui Zhi,RZ,22,诗词，聪明睿知自然生。,87,161,471,108,0.4874,0.5126,76,91,80,73,3.9709,101
124041,萧语,萧,语,Xiao Yu,XY,20,诗词，萧萧来竹语。,104,161,457,47,0.1606,0.8394,79,93,83,77,3.2782,101
136292,依星,依,星,Yi Xing,YX,17,诗词，依依星月夜初分。,96,161,402,42,0.4354,0.5646,80,94,85,74,5.5164,101
148865,元涵,元,涵,Yuan Han,YH,15,诗词，太虚元气涵鸿蒙。,96,161,363,18,0.3911,0.6089,81,93,85,74,4.9492,11
126300,忆思,忆,思,Yi Si,YS,13,诗词，相忆思迢迢。,92,160,447,34,0.0757,0.9243,78,90,79,72,4.4729,101
149259,雨语,雨,语,Yu Yu,YY,17,诗词，疏风细雨和春语。,105,159,311,16,0.1468,0.8532,81,94,85,74,5.2576,101
109343,艺语,艺,语,Yi Yu,YY,13,诗词，谈玄谈艺语如珠。,87,158,533,45,0.1288,0.8712,81,96,87,77,4.8146,100
116897,靖思,靖,思,Jing Si,JS,22,诗词，烽烟未靖切忧思。,86,158,490,70,0.1945,0.8055,78,93,83,74,4.4682,101
136188,晴语,晴,语,Qing Yu,QY,21,诗词，雨晴春鸟语叮咛。,94,156,406,43,0.0622,0.9378,79,93,83,76,3.497,101
133119,梦梓,梦,梓,Meng Zi,MZ,22,诗词，梦寐桑梓情难忘。,81,155,419,35,0.1103,0.8897,76,91,81,73,4.3045,101
144768,知菲,知,菲,Zhi Fei,ZF,19,诗词，遥知江树已芳菲。,84,154,376,27,0.0867,0.9133,80,95,84,77,4.1605,10
137323,忻语,忻,语,Xin Yu,XY,16,诗词，忻忻笑语喧闾阎。,95,151,402,56,0.1949,0.8051,79,92,82,77,3.0486,11
148239,诗墨,诗,墨,Shi Mo,SM,23,诗词，谪仙诗墨今何在。,85,151,365,31,0.3861,0.6139,74,88,78,71,3.9082,100
158394,妍思,妍,思,Yan Si,YS,16,诗词，妍思茂春华。,90,151,336,27,0.0025,0.9975,78,93,82,73,4.198,101
99085,函语,函,语,Han Yu,HY,17,诗词，琅函仙语出天台。,89,149,601,133,0.1268,0.8732,79,92,81,74,3.6075,11
152934,亦语,亦,语,Yi Yu,YY,15,诗词，亦是诗家语。,98,148,351,21,0.3118,0.6882,80,95,85,76,4.3322,101
130880,浩伊,浩,伊,Hao Yi,HY,16,诗词，浩浩伊江水。,90,145,428,106,0.4491,0.5509,81,93,84,74,5.0898,101
139646,诺诗,诺,诗,Nuo Shi,NS,18,诗词，漫寻一诺题诗约。,81,145,393,31,0.1316,0.8684,75,83,74,70,2.6875,11
128989,知含,知,含,Zhi Han,ZH,15,诗词，红重知含雨露偏。,72,144,436,33,0.1421,0.8579,78,92,81,73,4.1858,101
148298,舒柳,舒,柳,Shu Liu,SL,21,诗词，涌金门外风舒柳。,66,144,364,40,0.1132,0.8868,76,89,79,72,3.9115,101
114086,珂语,珂,语,Ke Yu,KY,18,诗词，珂佩共聆天上语。,77,141,506,67,0.1522,0.8478,79,93,82,73,4.1743,101
138594,韵星,韵,星,Yun Xing,YX,22,诗词，韵动满天星。,95,141,398,119,0.3017,0.6983,80,91,83,73,4.3755,101
229869,元羽,元,羽,Yuan Yu,YY,10,诗词，上元羽客出桃蹊。,97,140,203,9,0.4811,0.5189,82,94,86,75,4.9239,101
170621,元萌,元,萌,Yuan Meng,YM,15,诗词，元始萌蘖。,69,138,304,21,0.3046,0.6954,79,92,82,71,4.9309,100
127304,怡墨,怡,墨,Yi Mo,YM,23,诗词，怡然治纨墨。,75,137,442,44,0.2011,0.7989,75,92,81,74,4.5574,101
161571,舒星,舒,星,Shu Xing,SX,21,诗词，明月舒空映小星。,78,137,327,30,0.4523,0.5477,80,92,84,75,4.1261,11
179094,伊星,伊,星,Yi Xing,YX,15,诗词，伊昔春星过草堂。,88,137,285,22,0.3871,0.6129,80,94,86,74,4.6127,101
206315,知羽,知,羽,Zhi Yu,ZY,14,诗词，知是羽林儿。,109,137,236,17,0.423,0.577,81,94,82,73,4.7927,100
155476,程思,程,思,Cheng Si,CS,21,诗词，云程千里思依依。,71,134,344,35,0.1959,0.8041,78,91,81,73,4.1984,101
163661,元舒,元,舒,Yuan Shu,YS,16,诗词，元气浩浩随卷舒。,73,133,320,34,0.3962,0.6038,80,92,84,75,4.3175,101
162483,亦墨,亦,墨,Yi Mo,YM,21,诗词，我亦曾亲翰墨香。,84,132,325,27,0.4613,0.5387,74,91,80,72,4.6314,100
182056,琳思,琳,思,Lin Si,LS,21,诗词，琳宫清净思悠哉。,85,130,278,20,0.0198,0.9802,78,88,80,72,3.7882,11
162708,元卉,元,卉,Yuan Hui,YH,9,诗词，元气旭卉。,58,128,324,43,0.0402,0.9598,80,96,86,76,5.1066,100
227268,瑶思,瑶,思,Yao Si,YS,23,诗词，瑶想琼思。,91,128,206,16,0.0346,0.9654,77,87,77,72,3.4264,101
203627,依诗,依,诗,Yi Shi,YS,16,诗词，依依又赋诗。,80,127,240,16,0.0749,0.9251,77,94,83,74,4.6796,101
166304,知怡,知,怡,Zhi Yi,ZY,16,诗词，知足神自怡。,67,126,315,35,0.1211,0.8789,82,95,86,75,4.6487,100
154641,欣柳,欣,柳,Xin Liu,XL,17,诗词，欣欣柳色如相得。,64,125,346,50,0.1611,0.8389,77,91,82,74,4.0664,101
198231,伊诗,伊,诗,Yi Shi,YS,14,诗词，伊阙林峦诗境远。,72,125,248,19,0.0622,0.9378,77,94,83,74,5.0919,101
197905,晨梓,晨,梓,Chen Zi,CZ,22,诗词，晨行梓道中。,72,124,250,21,0.462,0.538,76,91,80,73,4.3823,10
156597,知悦,知,悦,Zhi Yue,ZY,18,诗词，心知和乐悦未央。,71,123,341,16,0.3101,0.6899,80,94,83,74,4.427,101
152884,心柳,心,柳,Xin Liu,XL,13,诗词，君心如柳枝。,70,122,351,87,0.2874,0.7126,76,88,78,71,4.4997,101
159683,知韵,知,韵,Zhi Yun,ZY,21,诗词，因知韵语尽仙风。,72,122,321,23,0.0978,0.9022,79,94,83,75,4.5877,101
234984,欣诗,欣,诗,Xin Shi,XS,16,诗词，欣看浩气盈诗卷。,82,122,197,12,0.1154,0.8846,78,92,82,75,4.6824,101
164423,忆诗,忆,诗,Yi Shi,YS,12,诗词，暮云春树忆诗人。,65,121,319,97,0.1035,0.8965,77,90,80,72,4.416,101
164530,知萌,知,萌,Zhi Meng,ZM,19,诗词，谁知巧思中萌芽。,63,119,319,43,0.2573,0.7427,78,92,80,73,4.6785,10
204950,知予,知,予,Zhi Yu,ZY,12,诗词，知予忆白云。,69,119,237,20,0.3,0.7,78,91,82,76,3.5974,101
172456,冉星,冉,星,Ran Xing,RX,14,诗词，白云冉冉连星辰。,63,118,300,27,0.4122,0.5878,77,83,75,69,3.1665,101
178617,卓诗,卓,诗,Zhuo Shi,ZS,16,诗词，百年卓茂传诗印。,64,118,286,26,0.2562,0.7438,76,89,79,73,4.2384,101
146227,佳墨,佳,墨,Jia Mo,JM,23,诗词，佳墨匀研。,71,116,372,53,0.2714,0.7286,75,91,82,74,3.8942,101
136981,知妍,知,妍,Zhi Yan,ZY,15,诗词，知亲翰墨妍。,67,115,405,117,0.01,0.99,82,96,87,79,4.024,100
179310,晨柳,晨,柳,Chen Liu,CL,20,诗词，晨烟著柳行。,59,115,285,27,0.3215,0.6785,76,87,79,73,3.6947,101
171332,湘柳,湘,柳,Xiang Liu,XL,21,诗词，梦绕潇湘柳。,67,113,303,30,0.2384,0.7616,76,86,76,70,4.0744,101
197065,心梓,心,梓,Xin Zi,XZ,15,诗词，久知心远怀桑梓。,59,112,250,25,0.4224,0.5776,76,92,82,74,4.477,11
191589,博诗,博,诗,Bo Shi,BS,20,诗词，博得池生春草诗。,63,111,261,24,0.4746,0.5254,77,90,80,72,4.5052,101
195985,涵知,涵,知,Han Zhi,HZ,19,诗词，涵泳从容只自知。,60,111,253,35,0.3559,0.6441,76,90,80,72,3.9248,101
197331,若梓,若,梓,Ruo Zi,RZ,19,诗词，君才若杞梓。,64,111,251,22,0.3178,0.6822,76,88,77,71,4.1857,100
178412,宛星,宛,星,Wan Xing,WX,17,诗词，宛若疏星傍晓阑。,62,109,287,41,0.2579,0.7421,79,91,81,72,3.9894,100
179448,漫诗,漫,诗,Man Shi,MS,22,诗词，漫卷诗书喜欲狂。,58,108,285,45,0.0396,0.9604,75,82,74,70,2.9427,101
189954,楠梓,楠,梓,Nan Zi,NZ,24,诗词，楩楠杞梓总良材。,61,108,256,32,0.1843,0.8157,74,85,74,71,3.4327,101
210052,梦知,梦,知,Meng Zhi,MZ,19,诗词，梦知归路远。,48,104,230,33,0.143,0.857,76,87,80,71,3.8334,101
211269,沁诗,沁,诗,Qin Shi,QS,15,诗词，一泓清可沁诗脾。,60,103,228,24,0.0647,0.9353,76,88,77,71,4.3203,101
218692,萌星,萌,星,Meng Xing,MX,20,诗词，阳萌两日寿星光。,61,103,218,24,0.3115,0.6885,79,88,78,72,4.1235,10
205510,宛诗,宛,诗,Wan Shi,WS,16,诗词，宛转馀诗情。,55,102,237,23,0.0352,0.9648,76,88,79,74,3.5812,100
228794,嘉柳,嘉,柳,Jia Liu,JL,23,诗词，嘉鱼碧柳贯金鳞。,52,101,205,14,0.3286,0.6714,77,91,83,75,4.2042,101
296983,默知,默,知,Mo Zhi,MZ,24,诗词，默知神自明。,88,101,140,18,0.4647,0.5353,74,79,72,69,2.243,101
181474,妍诗,妍,诗,Yan Shi,YS,15,诗词，花妍鸟鸣画嵌诗。,66,100,280,24,0.0036,0.9964,77,92,81,73,4.6475,101
190215,依墨,依,墨,Yi Mo,YM,23,诗词，纸影依微墨色明。,64,100,261,37,0.1587,0.8413,74,92,81,73,4.7241,101
221360,伊墨,伊,墨,Yi Mo,YM,21,诗词，伊谁醉墨图银笺。,69,100,214,32,0.1338,0.8662,74,92,81,74,4.1607,101
206542,玮诗,玮,诗,Wei Shi,WS,16,诗词，一编瑰玮尊诗史。,53,99,235,20,0.1221,0.8779,77,90,79,72,4.4782,10
211539,瑶星,瑶,星,Yao Xing,YX,23,诗词，瑶池星月霭清辉。,57,97,228,33,0.3247,0.6753,79,88,80,73,3.8733,101
310832,盈诗,盈,诗,Ying Shi,YS,17,诗词，欣看浩气盈诗卷。,75,95,131,7,0.0491,0.9509,76,87,76,72,3.8343,101
185315,馨墨,馨,墨,Xin Mo,XM,35,诗词，花馨入墨香。,60,92,272,64,0.0309,0.9691,74,91,79,73,4.3195,11
237754,雨柳,雨,柳,Yu Liu,YL,17,诗词，半塘烟雨柳如丝。,57,89,194,26,0.1704,0.8296,77,90,82,73,4.3963,101
212976,逸墨,逸,墨,Yi Mo,YM,26,诗词，逸韵投翰墨。,50,88,226,58,0.4652,0.5348,75,92,82,75,4.4135,101
150897,姝元,姝,元,Shu Yuan,SY,13,诗词，天上仙姝元不识。,40,87,358,139,0.0376,0.9624,81,93,83,75,4.7824,100
258754,璐星,璐,星,Lu Xing,LX,26,诗词，珠裳宝璐映星月。,63,87,172,12,0.2371,0.7629,80,90,83,74,3.7949,10
242090,茗诗,茗,诗,Ming Shi,MS,17,诗词，茗熟诗成对碧空。,53,86,189,16,0.1413,0.8587,77,88,79,72,4.2325,101
233427,琳诗,琳,诗,Lin Shi,LS,20,诗词，琳琅诗满编。,53,85,199,18,0.0277,0.9723,77,87,78,70,4.4489,101
310801,瑶诗,瑶,诗,Yao Shi,YS,22,诗词，瑶琴一曲诗数篇。,63,84,127,12,0.0481,0.9519,76,86,76,71,3.8808,101
243537,含墨,含,墨,Han Mo,HM,22,诗词，船窗含墨信风行。,51,80,188,25,0.2294,0.7706,73,85,74,69,3.7018,101
260288,晴星,晴,星,Qing Xing,QX,21,诗词，晴宵星月照临多。,52,80,170,14,0.3389,0.6611,79,86,77,70,4.3853,101
302974,含柳,含,柳,Han Liu,HL,16,诗词，远客窗含杨柳风。,57,80,136,15,0.1583,0.8417,75,85,76,72,3.3153,101
337939,熙诗,熙,诗,Xi Shi,XS,22,诗词，义熙诗卷更新纪。,66,80,115,12,0.4008,0.5992,77,89,77,71,4.6583,101
264806,艺柳,艺,柳,Yi Liu,YL,13,诗词，艺柳分芙蕖。,45,79,167,21,0.1501,0.8499,77,91,82,74,4.3115,101
305515,紫梓,紫,梓,Zi Zi,ZZ,23,诗词，紫陵晋爵梓桑荣。,58,78,135,17,0.1903,0.8097,76,94,82,75,4.5095,10
239294,歆元,歆,元,Xin Yuan,XY,17,诗词，歆向文章元继美。,42,77,192,21,0.4878,0.5122,81,93,85,78,3.742,101
285735,雨梓,雨,梓,Yu Zi,YZ,19,诗词，雨露千山桥伴梓。,59,77,149,14,0.2714,0.7286,77,92,83,74,4.9135,101
252232,薇元,薇,元,Wei Yuan,WY,20,诗词，池上紫薇元并植。,51,76,179,75,0.0342,0.9658,81,91,84,73,3.9969,101
263812,颖知,颖,知,Ying Zhi,YZ,21,诗词，利颖神锋人未知。,42,74,168,21,0.2243,0.7757,76,91,82,75,4.3532,11
298944,欣知,欣,知,Xin Zhi,XZ,16,诗词，倾心欣所知。,45,73,139,20,0.319,0.681,77,90,81,73,4.419,101
278517,韵知,韵,知,Yun Zhi,YZ,21,诗词，不将清韵世人知。,46,72,155,16,0.1401,0.8599,76,90,81,76,3.9595,101
286257,伊柳,伊,柳,Yi Liu,YL,15,诗词，伊昔西湖柳。,46,72,147,15,0.0889,0.9111,76,91,81,73,4.4313,101
247895,函墨,函,墨,Han Mo,HM,23,诗词，紫诰千函灿墨花。,43,71,183,19,0.2153,0.7847,73,83,73,68,3.7304,11
261212,舒墨,舒,墨,Shu Mo,SM,27,诗词，烟云舒卷水墨图。,47,70,170,37,0.168,0.832,74,87,76,70,4.291,11
292627,奥莹,奥,莹,Ao Ying,AY,22,诗词，奥缓生光莹。,51,68,144,17,0.0326,0.9674,81,90,81,74,3.8136,100
310592,洋柳,洋,柳,Yang Liu,YL,18,诗词，青青宜洋柳。,48,67,131,11,0.3529,0.6471,75,79,72,67,3.5037,101
301567,沁星,沁,星,Qin Xing,QX,16,诗词，玉壶寒沁一天星。,38,66,137,16,0.3971,0.6029,79,87,79,71,4.3404,100
335157,紫柳,紫,柳,Zi Liu,ZL,21,诗词，紫陌烟晴杨柳新。,55,66,117,17,0.1148,0.8852,76,85,76,70,4.3106,100
346549,靖柳,靖,柳,Jing Liu,JL,22,诗词，远追靖节多栽柳。,50,66,111,17,0.3336,0.6664,76,86,76,70,4.0758,101
278243,凝星,凝,星,Ning Xing,NX,25,诗词，午夜霜凝星斗寒。,54,65,155,18,0.2227,0.7773,79,83,76,70,3.3402,101
323827,佳知,佳,知,Jia Zhi,JZ,16,诗词，佳名世未知。,31,62,123,18,0.3647,0.6353,77,89,82,75,4.046,101
295665,晴元,晴,元,Qing Yuan,QY,16,诗词，晴光欲雪做新元。,30,61,141,19,0.4017,0.5983,80,91,83,74,4.287,101
309722,潇墨,潇,墨,Xiao Mo,XM,29,诗词，潇洒兰亭醉墨。,37,60,132,10,0.2062,0.7938,74,88,79,74,4.0862,101
316661,心墨,心,墨,Xin Mo,XM,19,诗词，澄心茧纸墨花香。,40,60,126,15,0.3897,0.6103,74,87,78,70,4.6309,101
343647,圆星,圆,星,Yuan Xing,YX,19,诗词，雨过圆荷万点星。,44,60,110,16,0.2814,0.7186,79,86,77,70,4.3796,101
368961,语知,语,知,Yu Zhi,YZ,17,诗词，鸟语知春晨。,37,59,100,10,0.0927,0.9073,76,89,81,74,3.7905,101
388955,若墨,若,墨,Ruo Mo,RM,23,诗词，若为笔墨半勾留。,42,57,92,6,0.2892,0.7108,74,81,74,67,3.7627,100
395526,逸梓,逸,梓,Yi Zi,YZ,22,诗词，逸兴起君桑梓国。,32,56,89,8,0.499,0.501,77,90,81,74,5.4592,10
344152,韵墨,韵,墨,Yun Mo,YM,28,诗词，黄花韵与墨花同。,30,55,112,13,0.0956,0.9044,74,86,77,72,4.2323,11
434492,依知,依,知,Yi Zhi,YZ,16,诗词，依依问旧知。,38,53,77,7,0.2252,0.7748,76,88,80,74,4.2003,101
315908,依梓,依,梓,Yi Zi,YZ,19,诗词，依依问桑梓。,30,52,128,34,0.1776,0.8224,76,90,80,73,5.2659,101
361417,茗梓,茗,梓,Ming Zi,MZ,20,诗词，茗柯桑梓重逢。,36,52,104,13,0.305,0.695,76,85,76,69,4.2501,10
347773,倚墨,倚,墨,Yi Mo,YM,25,诗词，倚剑凌空隶墨鲜。,29,51,110,17,0.2636,0.7364,73,85,78,71,3.3528,100
283083,缘星,缘,星,Yuan Xing,YX,21,诗词，随缘诗酒坐星槎。,38,50,151,26,0.4023,0.5977,78,81,72,67,4.0667,11
357089,音知,音,知,Yin Zhi,YZ,17,诗词，闻音知意。,31,49,106,18,0.3101,0.6899,73,81,72,67,3.3684,100
298752,姿元,姿,元,Zi Yuan,ZY,13,诗词，琼姿元自傲冰霜。,32,47,139,41,0.2032,0.7968,81,93,84,74,4.3755,101
430134,芷元,芷,元,Zhi Yuan,ZY,11,诗词，兰芷元同类。,44,46,78,12,0.1799,0.8201,81,93,87,74,4.2398,101
367821,怡梓,怡,梓,Yi Zi,YZ,19,诗词，怡怡桑梓会。,29,44,101,12,0.2237,0.7763,77,91,83,76,4.3747,11
376174,妍元,妍,元,Yan Yuan,YY,11,诗词，清妍近宋元。,40,42,97,25,0.0429,0.9571,81,94,89,84,2.8604,11
392502,沁知,沁,知,Qin Zhi,QZ,15,诗词，沁园词客旧知名。,24,42,91,9,0.1989,0.8011,75,86,78,72,4.0052,10
482260,语元,语,元,Yu Yuan,YY,13,诗词，鸟语提壶元自好。,29,41,65,10,0.262,0.738,81,91,85,72,4.8851,100
385838,悦知,悦,知,Yue Zhi,YZ,18,诗词，心悦君兮知不知。,26,40,93,10,0.3785,0.6215,76,86,78,69,4.4051,101
531993,艺知,艺,知,Yi Zhi,YZ,12,诗词，六艺知同闾。,31,40,55,6,0.3011,0.6989,77,89,83,74,3.8535,101
