ID,NameB,TF
1,佐藤,366803
2,鈴木,321135
3,高橋,266782
4,田中,245821
5,伊藤,203357
6,渡辺,200504
7,山本,200134
8,中村,195219
9,小林,191819
10,加藤,160283
11,吉田,154461
12,山田,151675
13,佐々木,135927
14,山口,119501
15,松本,116490
16,井上,111287
17,木村,107446
18,林,101826
19,斎藤,101774
20,清水,97826
21,山崎,90781
22,阿部,86833
23,森,86507
24,池田,84860
25,橋本,82836
26,山下,80588
27,石川,77471
28,中島,74106
29,前田,72930
30,藤田,72375
31,後藤,71629
32,小川,71179
33,岡田,70347
34,長谷川,69201
35,村上,68606
36,近藤,68297
37,石井,67079
38,遠藤,62620
39,斉藤,62540
40,坂本,62308
41,青木,59516
42,藤井,59204
43,西村,58821
44,福田,58714
45,太田,58439
46,三浦,58006
47,藤原,57742
48,松田,55883
49,岡本,55539
50,中川,55221
51,中野,54962
52,原田,54827
53,小野,54242
54,田村,53673
55,竹内,53247
56,金子,51401
57,中山,50575
58,和田,50205
59,石田,49545
60,上田,46932
61,森田,46505
62,原,45810
63,工藤,45608
64,酒井,45025
65,横山,44882
66,柴田,44808
67,宮崎,44178
68,宮本,43981
69,内田,43145
70,高木,43107
71,安藤,42008
72,谷口,41721
73,丸山,40343
74,大野,39800
75,今井,39535
76,高田,39365
77,河野,38743
78,藤本,38701
79,武田,38556
80,杉山,38454
81,上野,38100
82,菅原,38003
83,村田,37902
84,小島,37725
85,増田,37484
86,千葉,37087
87,小山,36713
88,平野,36632
89,大塚,36620
90,久保,36065
91,松井,35872
92,渡部,35247
93,岩崎,35224
94,木下,34915
95,佐野,34866
96,菊地,34743
97,野口,34715
98,松尾,34469
99,野村,34369
100,大西,33781
101,杉本,33770
102,新井,33633
103,古川,33571
104,小松,32470
105,市川,32167
106,高野,31999
107,菊池,31938
108,水野,31753
109,島田,31381
110,桜井,31249
111,吉川,30996
112,山内,30965
113,五十嵐,30735
114,西田,30253
115,西川,29798
116,北村,29707
117,東,29630
118,安田,29365
119,中田,29352
120,川口,29140
121,平田,28761
122,久保田,28680
123,川崎,28427
124,本田,28305
125,飯田,28116
126,関,27911
127,浜田,27707
128,辻,27536
129,土屋,27476
130,樋口,27447
131,吉村,27437
132,川上,27422
133,田口,27271
134,服部,27228
135,岩田,27193
136,中西,27140
137,山中,27027
138,福島,26922
139,永井,26914
140,松岡,26901
141,森本,26660
142,矢野,26613
143,秋山,26408
144,石原,26281
145,松下,26212
146,大橋,26120
147,馬場,25847
148,熊谷,25678
149,松浦,25549
150,小池,25437
151,吉岡,25348
152,浅野,25197
153,大久保,25028
154,荒木,25004
155,野田,24889
156,川村,24805
157,星野,24482
158,望月,24380
159,大谷,24139
160,堀,24101
161,尾崎,23887
162,黒田,23790
163,菅野,23751
164,永田,23641
165,内藤,23413
166,松村,23282
167,西山,23080
168,田辺,22859
169,広瀬,22805
170,大島,22495
171,本間,22467
172,平井,22453
173,片山,22329
174,岩本,22267
175,大石,22009
176,早川,21987
177,岡崎,21765
178,鎌田,21725
179,成田,21603
180,横田,21570
181,荒井,21532
182,小田,21369
183,宮田,21327
184,須藤,21026
185,篠原,20764
186,石橋,20670
187,萩原,20575
188,高山,20500
189,松原,20380
190,栗原,20375
191,伊東,20240
192,南,20154
193,桑原,20130
194,小西,20044
195,大森,20028
196,三宅,20012
197,沢田,19916
198,福井,19851
199,奥村,19796
200,岡,19778
201,内山,19640
202,片岡,19597
203,松永,19385
204,関口,19316
205,北川,19179
206,上原,19109
207,奥田,18982
208,上村,18735
209,吉野,18731
210,今村,18655
211,八木,18624
212,富田,18559
213,白石,18508
214,小泉,18439
215,牧野,18395
216,小沢,18384
217,小野寺,18371
218,平山,18311
219,岡村,18299
220,河合,18277
221,古賀,18236
222,中尾,18203
223,川島,18194
224,坂口,18180
225,寺田,18168
226,青山,18161
227,児玉,17960
228,宮下,17863
229,大山,17814
230,西,17755
231,多田,17671
232,小笠原,17553
233,竹田,17552
234,渋谷,17512
235,小倉,17463
236,足立,17273
237,坂井,17254
238,杉浦,17210
239,村山,17141
240,小原,16963
241,天野,16784
242,豊田,16637
243,坂田,16612
244,根本,16602
245,武藤,16569
246,水谷,16556
247,森下,16542
248,角田,16541
249,河村,16505
250,飯塚,16295
251,関根,16261
252,塚本,16075
253,山根,16059
254,神田,16056
255,佐久間,15972
256,前川,15968
257,植田,15929
258,田島,15910
259,安部,15835
260,中井,15804
261,宮川,15718
262,白井,15696
263,岡部,15622
264,長田,15485
265,大川,15460
266,堀内,15442
267,畠山,15380
268,浅井,15287
269,及川,15255
270,谷,15238
271,若林,15101
272,神谷,15038
273,松崎,15014
274,稲垣,14986
275,細川,14935
276,森山,14903
277,今野,14847
278,中谷,14815
279,齋藤,14681
280,中嶋,14632
281,西尾,14615
282,三上,14560
283,安達,14555
284,大沢,14501
285,江口,14467
286,田代,14402
287,榎本,14317
288,石塚,14304
289,荒川,14132
290,村松,14119
291,長尾,14100
292,戸田,14066
293,星,14020
294,中原,14010
295,飯島,13994
296,本多,13965
297,土井,13946
298,岸本,13933
299,森川,13871
300,稲葉,13823
301,中沢,13771
302,津田,13668
303,三好,13610
304,岡野,13592
305,金井,13584
306,甲斐,13515
307,米田,13460
308,黒木,13410
309,松山,13372
310,落合,13337
311,佐伯,13294
312,西岡,13165
313,金田,13121
314,堤,13120
315,堀田,13052
316,山岸,13031
317,野崎,13024
318,岩井,12983
319,泉,12901
320,町田,12764
321,西野,12602
322,新田,12601
323,古田,12592
324,徳永,12449
325,土田,12389
326,黒川,12341
327,笠原,12145
328,川田,12126
329,山川,12121
330,滝沢,12117
331,奥山,12112
332,杉田,12071
333,須田,12005
334,大竹,11984
335,野中,11884
336,梅田,11822
337,堀江,11816
338,村井,11791
339,三木,11655
340,川端,11436
341,岸,11414
342,大村,11404
343,梶原,11326
344,日高,11290
345,金沢,11032
346,井口,10969
347,西本,10964
348,大場,10958
349,大木,10909
350,向井,10861
351,榊原,10855
352,藤川,10723
353,大内,10704
354,竹中,10704
355,庄司,10693
356,川原,10693
357,藤沢,10668
358,吉原,10649
359,松島,10611
360,塚田,10609
361,吉本,10592
362,藤岡,10481
363,竹下,10478
364,下田,10406
365,藤村,10402
366,宮内,10377
367,安井,10375
368,竹本,10353
369,谷川,10347
370,栗田,10306
371,広田,10303
372,窪田,10277
373,福本,10277
374,小谷,10275
375,石黒,10274
376,宇野,10250
377,茂木,10172
378,柳沢,10166
379,奥野,10069
380,緒方,10069
381,北野,10052
382,嶋田,9991
383,高島,9976
384,平川,9925
385,宮原,9878
386,三輪,9869
387,丹羽,9868
388,亀井,9847
389,宮沢,9838
390,下村,9821
391,高井,9799
392,山村,9731
393,川本,9720
394,出口,9676
395,古谷,9667
396,藤野,9666
397,大城,9632
398,青柳,9614
399,小森,9603
400,竹村,9601
401,長野,9600
402,長島,9587
403,荻野,9560
404,田原,9379
405,高瀬,9349
406,大平,9316
407,稲田,9314
408,金城,9257
409,宮城,9223
410,吉沢,9187
411,福岡,9170
412,福永,9146
413,筒井,9118
414,横井,9106
415,長岡,9083
416,黒沢,9074
417,北原,9049
418,林田,9049
419,平松,9046
420,溝口,9028
421,大田,8984
422,山岡,8955
423,越智,8915
424,大原,8890
425,相馬,8876
426,武井,8871
427,篠崎,8842
428,柳田,8813
429,手塚,8783
430,鶴田,8733
431,富永,8719
432,石山,8717
433,永野,8659
434,高松,8637
435,堀川,8634
436,二宮,8631
437,臼井,8629
438,比嘉,8601
439,冨田,8599
440,湯浅,8567
441,浅田,8554
442,入江,8524
443,園田,8518
444,沼田,8486
445,石崎,8486
446,小澤,8457
447,川野,8448
448,片桐,8386
449,谷本,8368
450,平岡,8367
451,瀬戸,8363
452,篠田,8360
453,杉原,8358
454,根岸,8343
455,千田,8271
456,小出,8264
457,大槻,8258
458,池上,8250
459,笠井,8246
460,花田,8210
461,田畑,8210
462,加納,8182
463,西沢,8170
464,長沢,8159
465,深沢,8103
466,小坂,8082
467,志村,8071
468,澤田,8061
469,日野,8055
470,西原,8049
471,堀口,8046
472,倉田,8030
473,菅,8023
474,野沢,7979
475,田上,7967
476,新谷,7951
477,松野,7944
478,福原,7910
479,村瀬,7909
480,森岡,7874
481,河原,7854
482,柏木,7844
483,徳田,7840
484,矢島,7820
485,浜口,7723
486,吉井,7722
487,畑中,7650
488,島崎,7611
489,岩瀬,7600
490,中本,7594
491,三谷,7591
492,小柳,7566
493,白川,7560
494,大崎,7557
495,米山,7507
496,芳賀,7506
497,渡邊,7502
498,内海,7500
499,北島,7472
500,原口,7453
501,相沢,7406
502,大井,7371
503,難波,7359
504,秋元,7293
505,福山,7284
506,川畑,7280
507,木原,7269
508,坪井,7250
509,秋田,7249
510,植木,7228
511,川瀬,7222
512,皆川,7190
513,荻原,7189
514,岩下,7182
515,今泉,7177
516,磯部,7164
517,浜崎,7163
518,河内,7123
519,三井,7102
520,大友,7101
521,浜野,7090
522,大坪,7088
523,細谷,7077
524,畑,7074
525,細田,7068
526,吉永,7038
527,佐竹,7035
528,長井,7020
529,小嶋,7013
530,古屋,7001
531,井出,6989
532,塩田,6969
533,三村,6955
534,遠山,6953
535,井手,6906
536,辻本,6894
537,岸田,6886
538,平林,6882
539,植村,6877
540,河田,6865
541,若松,6839
542,草野,6806
543,三島,6792
544,村岡,6790
545,松川,6788
546,橘,6783
547,亀山,6779
548,早坂,6771
549,真鍋,6769
550,清野,6742
551,橋口,6728
552,保坂,6724
553,相原,6722
554,栗山,6702
555,高村,6682
556,堀井,6678
557,水上,6672
558,水口,6655
559,渡邉,6649
560,川合,6645
561,瀬川,6638
562,玉井,6633
563,藤森,6606
564,奈良,6604
565,志賀,6579
566,葛西,6576
567,半田,6531
568,尾形,6526
569,高岡,6520
570,朝倉,6520
571,平,6494
572,中里,6471
573,亀田,6470
574,進藤,6452
575,神山,6446
576,狩野,6444
577,立石,6433
578,那須,6432
579,柳,6428
580,板垣,6413
581,寺島,6402
582,坂下,6400
583,有馬,6378
584,河本,6371
585,市村,6349
586,大沼,6335
587,門脇,6318
588,宮島,6308
589,高見,6301
590,植松,6299
591,高柳,6289
592,織田,6286
593,武内,6274
594,宮地,6272
595,下山,6269
596,寺本,6265
597,大江,6259
598,齊藤,6257
599,江藤,6244
600,大澤,6243
601,大津,6227
602,北山,6186
603,有田,6177
604,松沢,6171
605,高原,6162
606,島村,6158
607,藤崎,6140
608,毛利,6137
609,三原,6106
610,松木,6081
611,土居,6075
612,三橋,6066
613,木内,6065
614,野上,6049
615,坂上,6017
616,立花,5961
617,前原,5930
618,田崎,5930
619,浅見,5929
620,中根,5922
621,久野,5915
622,深谷,5915
623,牧,5897
624,富樫,5886
625,平尾,5867
626,柴崎,5817
627,今田,5813
628,守屋,5809
629,川井,5808
630,岩佐,5799
631,海野,5782
632,関谷,5778
633,滝本,5771
634,長瀬,5768
635,高尾,5750
636,市原,5743
637,長谷,5724
638,外山,5692
639,大倉,5690
640,和泉,5686
641,岩永,5681
642,内野,5679
643,飯野,5671
644,石丸,5658
645,長谷部,5651
646,塚原,5645
647,小寺,5566
648,米沢,5547
649,西谷,5545
650,黒岩,5543
651,菅谷,5542
652,成瀬,5536
653,矢部,5536
654,金山,5534
655,鳥居,5524
656,金森,5517
657,島,5501
658,石垣,5494
659,正木,5486
660,秦,5480
661,高崎,5475
662,石本,5472
663,金谷,5470
664,宮脇,5459
665,滝口,5452
666,井田,5449
667,田川,5448
668,奥,5445
669,宇佐美,5443
670,上山,5425
671,阪本,5409
672,小関,5402
673,末永,5399
674,門田,5398
675,山野,5396
676,永山,5375
677,小宮,5361
678,坂元,5356
679,宍戸,5352
680,小室,5336
681,木田,5334
682,野本,5321
683,三田,5320
684,中澤,5319
685,小畑,5316
686,江川,5292
687,杉村,5291
688,板倉,5271
689,諏訪,5252
690,森谷,5247
691,江崎,5239
692,岩渕,5225
693,豊島,5210
694,小杉,5208
695,山上,5202
696,藤木,5200
697,平塚,5183
698,井川,5182
699,古沢,5161
700,梅原,5150
701,新垣,5137
702,浜本,5137
703,赤松,5112
704,森脇,5108
705,相川,5108
706,阿久津,5106
707,乾,5104
708,香川,5103
709,大滝,5088
710,玉城,5081
711,秋葉,5077
712,水田,5074
713,北沢,5072
714,風間,5061
715,塩谷,5058
716,下川,5046
717,喜多,5036
718,布施,5034
719,佐川,5014
720,金丸,5007
721,野原,5004
722,生田,5000
723,中林,4995
724,小野田,4982
725,松元,4981
726,今西,4974
727,浦田,4968
728,小椋,4956
729,細井,4951
730,羽田,4945
731,山城,4939
732,平沢,4933
733,宮野,4932
734,大和田,4931
735,岩間,4929
736,土橋,4927
737,都築,4915
738,曽根,4913
739,細野,4911
740,梅本,4910
741,堀越,4899
742,長崎,4891
743,小幡,4885
744,大矢,4873
745,仲村,4873
746,仲田,4868
747,矢口,4866
748,染谷,4865
749,山元,4861
750,杉野,4856
751,椎名,4845
752,麻生,4835
753,矢田,4832
754,宇都宮,4830
755,濱田,4829
756,目黒,4828
757,依田,4825
758,並木,4823
759,木戸,4821
760,山形,4818
761,北田,4816
762,大畑,4803
763,木本,4791
764,日下,4784
765,西口,4775
766,赤木,4775
767,高梨,4745
768,浅川,4745
769,大庭,4739
770,寺尾,4735
771,川辺,4734
772,梅津,4731
773,影山,4730
774,菅沼,4715
775,富岡,4713
776,石渡,4706
777,波多野,4686
778,小玉,4683
779,真田,4655
780,深田,4651
781,倉持,4648
782,大貫,4640
783,小沼,4618
784,勝又,4599
785,橋爪,4589
786,高倉,4585
787,柳原,4580
788,角,4573
789,雨宮,4567
790,立川,4562
791,池内,4550
792,岩城,4546
793,栗林,4540
794,白鳥,4535
795,瀬尾,4533
796,石坂,4530
797,神野,4526
798,首藤,4502
799,丹野,4475
800,大熊,4473
801,合田,4453
802,上杉,4447
803,結城,4441
804,尾上,4441
805,海老原,4440
806,神崎,4434
807,青野,4432
808,赤坂,4428
809,玉置,4426
810,宮坂,4423
811,板橋,4403
812,北,4398
813,久米,4393
814,川西,4384
815,井原,4377
816,大下,4377
817,西脇,4359
818,妹尾,4357
819,永島,4349
820,三沢,4340
821,桑田,4330
822,清田,4330
823,小久保,4326
824,曽我,4326
825,有賀,4324
826,竹原,4318
827,森口,4314
828,横尾,4310
829,西島,4306
830,志田,4302
831,坂野,4290
832,池本,4277
833,三枝,4268
834,須賀,4266
835,今,4265
836,田端,4263
837,日比野,4261
838,大嶋,4255
839,川越,4247
840,飛田,4235
841,柏原,4225
842,櫻井,4197
843,大林,4193
844,芦田,4181
845,横川,4170
846,本村,4166
847,小堀,4157
848,東海林,4145
849,脇田,4140
850,水島,4128
851,石倉,4119
852,笹川,4101
853,小栗,4100
854,春日,4095
855,梅村,4095
856,谷村,4094
857,内村,4092
858,坂東,4089
859,砂川,4084
860,浦野,4082
861,島袋,4077
862,江原,4075
863,手島,4069
864,楠,4062
865,角谷,4052
866,柳川,4046
867,浜,4042
868,楠本,4034
869,花岡,4030
870,岡山,4029
871,明石,4026
872,島津,4018
873,高畑,4005
874,平良,4003
875,前島,3995
876,大和,3994
877,白木,3989
878,滝川,3980
879,玉木,3974
880,富山,3969
881,本橋,3969
882,国分,3968
883,中塚,3966
884,吉崎,3955
885,前野,3950
886,柴山,3946
887,沖田,3932
888,小菅,3931
889,益田,3928
890,池谷,3922
891,沖,3915
892,浅沼,3914
893,野呂,3897
894,熊田,3890
895,勝田,3883
896,森永,3879
897,井本,3860
898,戸塚,3852
899,高谷,3851
900,桜田,3851
901,岩谷,3841
902,吉澤,3839
903,寺沢,3838
904,大高,3832
905,倉本,3821
906,大浦,3817
907,菅井,3807
908,田渕,3800
909,中,3799
910,黒崎,3797
911,梅沢,3783
912,会田,3776
913,畠中,3776
914,村木,3775
915,滝,3771
916,田尻,3767
917,南部,3766
918,古山,3763
919,塩見,3761
920,石野,3761
921,本山,3761
922,笹原,3760
923,高嶋,3756
924,恩田,3747
925,百瀬,3738
926,井村,3737
927,八田,3733
928,小口,3723
929,児島,3720
930,日下部,3720
931,沢井,3710
932,田所,3706
933,廣瀬,3691
934,平賀,3688
935,神戸,3685
936,福地,3682
937,阪口,3681
938,若山,3681
939,川添,3676
940,熊倉,3674
941,寺岡,3670
942,猪股,3662
943,城戸,3651
944,新村,3650
945,末吉,3649
946,紺野,3645
947,磯野,3642
948,重松,3638
949,小平,3636
950,鶴岡,3633
951,野島,3633
952,五味,3625
953,森井,3622
954,丸田,3617
955,冨永,3605
956,金澤,3599
957,菊田,3589
958,夏目,3582
959,長友,3580
960,照井,3577
961,米倉,3574
962,赤羽,3568
963,湊,3563
964,牧田,3553
965,重田,3547
966,寺西,3540
967,土谷,3538
968,石沢,3534
969,松橋,3527
970,藤島,3525
971,玉田,3522
972,福士,3522
973,村中,3513
974,増井,3511
975,西森,3508
976,新保,3492
977,岡島,3490
978,河西,3474
979,西井,3474
980,持田,3473
981,小高,3473
982,大関,3473
983,岩村,3471
984,今川,3460
985,氏家,3459
986,柿沼,3458
987,中岡,3442
988,長坂,3439
989,神原,3434
990,長沼,3430
991,古市,3428
992,川嶋,3426
993,深井,3424
994,有村,3424
995,境,3423
996,西浦,3419
997,石岡,3415
998,宮里,3408
999,宇田川,3406
1000,安永,3405
1001,松谷,3405
1002,品川,3396
1003,浦,3395
1004,寺井,3395
1005,二瓶,3390
1006,柳瀬,3390
1007,藤山,3383
1008,伊達,3382
1009,大越,3380
1010,寺崎,3373
1011,鵜飼,3368
1012,秋本,3365
1013,鬼頭,3361
1014,河上,3358
1015,古橋,3352
1016,磯崎,3348
1017,梶田,3339
1018,土肥,3338
1019,相田,3334
1020,長浜,3330
1021,野間,3330
1022,小村,3315
1023,大前,3313
1024,富沢,3309
1025,平原,3308
1026,辻村,3302
1027,我妻,3292
1028,滝田,3289
1029,倉橋,3288
1030,的場,3286
1031,鹿野,3271
1032,金野,3260
1033,野尻,3256
1034,柿崎,3245
1035,北岡,3240
1036,石村,3236
1037,上岡,3229
1038,坂,3225
1039,小山田,3221
1040,室井,3215
1041,寺内,3208
1042,河崎,3206
1043,河口,3203
1044,塩崎,3201
1045,高坂,3198
1046,益子,3196
1047,加瀬,3193
1048,江田,3193
1049,住田,3192
1050,藤谷,3191
1051,安川,3190
1052,矢吹,3189
1053,郡司,3187
1054,谷内,3182
1055,伴,3179
1056,本郷,3177
1057,宮澤,3168
1058,南雲,3168
1059,坪田,3167
1060,渥美,3164
1061,大宮,3158
1062,小俣,3157
1063,迫田,3155
1064,中森,3151
1065,仲野,3151
1066,広川,3146
1067,梅木,3143
1068,平本,3142
1069,対馬,3133
1070,安東,3130
1071,船木,3128
1072,金原,3127
1073,栗本,3126
1074,安原,3124
1075,伏見,3121
1076,花井,3120
1077,増子,3116
1078,森島,3110
1079,垣内,3109
1080,黒澤,3108
1081,鹿島,3105
1082,新川,3101
1083,真野,3101
1084,赤井,3101
1085,小暮,3099
1086,東野,3098
1087,粕谷,3089
1088,塚越,3088
1089,江頭,3086
1090,水本,3082
1091,神保,3081
1092,棚橋,3081
1093,山脇,3076
1094,矢崎,3075
1095,金,3072
1096,松林,3072
1097,田沢,3066
1098,唐沢,3064
1099,鳴海,3056
1100,大坂,3055
1101,東山,3053
1102,片野,3050
1103,津村,3048
1104,相良,3047
1105,湯川,3046
1106,増山,3045
1107,中道,3045
1108,長山,3044
1109,船越,3038
1110,加賀,3035
1111,八巻,3031
1112,小山内,3029
1113,赤塚,3026
1114,久田,3018
1115,住吉,3017
1116,湯本,3017
1117,福元,3015
1118,森崎,3013
1119,保田,3012
1120,藤巻,3011
1121,稲村,3006
1122,畑山,2998
1123,塩沢,2995
1124,小竹,2991
1125,須永,2986
1126,熊沢,2985
1127,村越,2981
1128,高森,2978
1129,薄井,2978
1130,関本,2974
1131,大河原,2971
1132,谷田,2968
1133,袴田,2963
1134,大岩,2961
1135,河井,2958
1136,神,2957
1137,長屋,2957
1138,梶山,2954
1139,吉見,2952
1140,下野,2950
1141,緑川,2950
1142,柿本,2946
1143,玉川,2928
1144,高津,2922
1145,小宮山,2920
1146,小橋,2920
1147,八幡,2919
1148,榊,2915
1149,鮫島,2915
1150,桑野,2911
1151,高沢,2911
1152,杉崎,2911
1153,小田島,2905
1154,二村,2898
1155,下地,2896
1156,川内,2896
1157,長澤,2887
1158,向山,2885
1159,丸岡,2882
1160,竹林,2879
1161,尾関,2877
1162,福沢,2877
1163,堺,2874
1164,梶,2859
1165,知念,2850
1166,篠塚,2847
1167,沢,2841
1168,山谷,2831
1169,高須,2830
1170,人見,2830
1171,衛藤,2825
1172,芝田,2824
1173,深澤,2822
1174,村本,2818
1175,飯村,2817
1176,高林,2809
1177,西崎,2809
1178,井沢,2802
1179,永瀬,2802
1180,高杉,2798
1181,磯貝,2795
1182,宇田,2793
1183,長嶋,2791
1184,中平,2787
1185,芝,2785
1186,福留,2774
1187,三瓶,2768
1188,浦川,2765
1189,田嶋,2765
1190,清原,2760
1191,赤堀,2759
1192,米谷,2759
1193,沢村,2758
1194,矢沢,2758
1195,島本,2757
1196,大迫,2754
1197,山浦,2752
1198,岡林,2751
1199,安西,2750
1200,桜庭,2747
1201,浜中,2746
1202,安岡,2742
1203,椿,2738
1204,平石,2735
1205,藤澤,2734
1206,疋田,2734
1207,吉武,2731
1208,鶴見,2731
1209,勝山,2729
1210,植野,2728
1211,牛島,2722
1212,川又,2722
1213,高本,2719
1214,木谷,2718
1215,駒井,2712
1216,加茂,2709
1217,宮村,2700
1218,安江,2697
1219,岩元,2696
1220,若杉,2694
1221,川名,2691
1222,大杉,2680
1223,新山,2679
1224,早瀬,2678
1225,村尾,2676
1226,仲,2674
1227,平間,2667
1228,伊勢,2665
1229,兵頭,2661
1230,柳井,2661
1231,関野,2658
1232,小崎,2657
1233,米村,2654
1234,金本,2653
1235,小峰,2652
1236,安斎,2651
1237,加賀谷,2649
1238,森野,2648
1239,岩橋,2646
1240,保科,2646
1241,大屋,2642
1242,高塚,2640
1243,井戸,2637
1244,竹山,2637
1245,磯田,2634
1246,廣田,2628
1247,城,2627
1248,須貝,2626
1249,辻井,2626
1250,松葉,2623
1251,深川,2622
1252,塙,2622
1253,谷山,2620
1254,西垣,2617
1255,小熊,2612
1256,岩切,2610
1257,黒瀬,2609
1258,鎌倉,2607
1259,犬飼,2607
1260,芹沢,2606
1261,板谷,2602
1262,西澤,2601
1263,別府,2600
1264,青島,2599
1265,大上,2595
1266,相澤,2592
1267,橋詰,2590
1268,名倉,2589
1269,鷲見,2587
1270,熊野,2580
1271,桂,2575
1272,竹島,2574
1273,日向,2571
1274,柳沼,2567
1275,木島,2566
1276,桐山,2565
1277,高久,2560
1278,船橋,2555
1279,伊沢,2553
1280,鳥越,2552
1281,砂田,2549
1282,山路,2548
1283,猪狩,2547
1284,丸尾,2546
1285,国井,2541
1286,塩野,2540
1287,柴,2540
1288,志水,2535
1289,長,2535
1290,羽鳥,2532
1291,飯沼,2532
1292,新美,2527
1293,上林,2524
1294,佃,2523
1295,脇,2523
1296,猪俣,2521
1297,小浜,2520
1298,生駒,2517
1299,笹本,2514
1300,村川,2511
1301,大泉,2510
1302,岩野,2506
1303,竹之内,2500
1304,長内,2499
1305,荒谷,2489
1306,清家,2486
1307,岩見,2483
1308,添田,2480
1309,岩沢,2476
1310,柘植,2474
1311,名取,2474
1312,早田,2470
1313,塩川,2459
1314,梶谷,2458
1315,山西,2449
1316,上島,2449
1317,関川,2447
1318,柳澤,2447
1319,塩原,2446
1320,福嶋,2439
1321,庄子,2436
1322,五島,2435
1323,永松,2434
1324,徳山,2426
1325,時田,2423
1326,曽我部,2420
1327,長嶺,2418
1328,仲宗根,2414
1329,直井,2414
1330,幸田,2410
1331,熊本,2406
1332,上西,2406
1333,松坂,2403
1334,竹谷,2397
1335,竹井,2394
1336,藤江,2393
1337,赤間,2390
1338,川尻,2389
1339,馬渕,2385
1340,石上,2382
1341,宗像,2379
1342,平岩,2374
1343,土岐,2370
1344,水越,2367
1345,鬼塚,2364
1346,萩野,2360
1347,市橋,2358
1348,春田,2356
1349,照屋,2356
1350,越川,2355
1351,上地,2351
1352,星川,2344
1353,平木,2344
1354,神尾,2342
1355,竹沢,2341
1356,谷岡,2340
1357,新藤,2339
1358,大須賀,2335
1359,安本,2334
1360,山地,2326
1361,佐原,2325
1362,池野,2324
1363,大河内,2321
1364,石津,2316
1365,深見,2315
1366,平島,2315
1367,大賀,2312
1368,赤沢,2310
1369,藤枝,2310
1370,小松崎,2305
1371,長江,2303
1372,園部,2299
1373,安倍,2298
1374,野澤,2294
1375,脇坂,2294
1376,杉谷,2292
1377,小木曽,2290
1378,蛭田,2287
1379,崎山,2285
1380,一ノ瀬,2281
1381,藤,2280
1382,近江,2277
1383,大本,2276
1384,秋吉,2274
1385,元木,2267
1386,吉松,2265
1387,竹川,2261
1388,赤石,2259
1389,守田,2257
1390,小田切,2257
1391,猿渡,2256
1392,米川,2256
1393,坪内,2255
1394,宮武,2252
1395,横内,2250
1396,奥谷,2248
1397,広岡,2247
1398,東田,2246
1399,宮嶋,2245
1400,二階堂,2237
1401,武石,2237
1402,大堀,2235
1403,多賀,2234
1404,宮尾,2233
1405,奥原,2231
1406,小塚,2231
1407,瀬戸口,2230
1408,片平,2230
1409,鳥羽,2229
1410,姫野,2224
1411,副島,2221
1412,井坂,2220
1413,田坂,2219
1414,菊川,2218
1415,八重樫,2218
1416,吉成,2216
1417,若月,2213
1418,日置,2210
1419,新里,2201
1420,大岡,2199
1421,川北,2198
1422,高石,2192
1423,柴原,2191
1424,友田,2190
1425,堀部,2184
1426,古澤,2179
1427,大門,2179
1428,真下,2178
1429,末広,2176
1430,磯,2174
1431,橋田,2174
1432,亀谷,2173
1433,吉良,2172
1434,須崎,2171
1435,田淵,2168
1436,堀尾,2167
1437,中園,2164
1438,佐田,2162
1439,今岡,2161
1440,沢口,2160
1441,江本,2158
1442,梶川,2154
1443,新,2154
1444,綿貫,2149
1445,松澤,2142
1446,中込,2142
1447,嶋崎,2140
1448,兼子,2138
1449,武山,2136
1450,佐山,2135
1451,高垣,2133
1452,大脇,2133
1453,舟橋,2132
1454,田山,2129
1455,新居,2128
1456,野坂,2126
1457,熊崎,2123
1458,下平,2122
1459,有本,2118
1460,上条,2114
1461,船津,2113
1462,横溝,2112
1463,城間,2110
1464,坂根,2107
1465,有川,2107
1466,沖野,2106
1467,広沢,2105
1468,錦織,2102
1469,赤尾,2102
1470,磯村,2100
1471,一戸,2096
1472,浅利,2092
1473,八島,2083
1474,田丸,2081
1475,犬塚,2078
1476,辰巳,2075
1477,高畠,2073
1478,戸谷,2069
1479,笹岡,2068
1480,新城,2066
1481,井関,2062
1482,石毛,2061
1483,作田,2060
1484,前山,2059
1485,設楽,2058
1486,景山,2056
1487,寺山,2053
1488,中江,2050
1489,須山,2049
1490,半沢,2047
1491,小松原,2046
1492,鳥海,2046
1493,湯田,2046
1494,大里,2044
1495,永吉,2042
1496,小田原,2039
1497,赤嶺,2039
1498,朝日,2039
1499,北条,2037
1500,河津,2034
1501,岸野,2034
1502,若井,2032
1503,片倉,2032
1504,春山,2029
1505,田井,2025
1506,巽,2021
1507,中崎,2021
1508,北口,2021
1509,間瀬,2020
1510,永尾,2018
1511,白田,2011
1512,岩倉,2007
1513,原島,2005
1514,伊原,2003
1515,有吉,2003
1516,金川,2002
1517,江尻,2001
1518,辻田,2001
1519,糸井,1999
1520,笹田,1998
1521,矢作,1998
1522,北林,1997
1523,北浦,1996
1524,高城,1995
1525,石神,1994
1526,成沢,1993
1527,藤倉,1992
1528,峯,1992
1529,上坂,1991
1530,鍋島,1990
1531,西出,1987
1532,草間,1987
1533,高宮,1982
1534,一瀬,1980
1535,久松,1980
1536,湯沢,1979
1537,牟田,1976
1538,山際,1975
1539,箕輪,1974
1540,稲川,1963
1541,深津,1959
1542,末次,1959
1543,江上,1957
1544,高桑,1957
1545,品田,1956
1546,木山,1955
1547,仁科,1954
1548,鳥山,1952
1549,黒須,1951
1550,永岡,1948
1551,藤間,1946
1552,戸村,1944
1553,古野,1943
1554,真壁,1943
1555,白岩,1942
1556,大月,1938
1557,野々村,1934
1558,赤池,1933
1559,辻野,1930
1560,日比,1930
1561,鷲尾,1929
1562,桐生,1927
1563,池永,1925
1564,嶋,1925
1565,河辺,1924
1566,速水,1924
1567,角野,1920
1568,勝部,1917
1569,細見,1916
1570,仙波,1916
1571,中瀬,1915
1572,末松,1915
1573,杉江,1914
1574,尾田,1911
1575,羽賀,1909
1576,大道,1903
1577,梅野,1902
1578,間宮,1900
1579,海老沢,1899
1580,宮部,1898
1581,古瀬,1897
1582,阿南,1896
1583,井野,1892
1584,若狭,1890
1585,立野,1889
1586,隅田,1888
1587,船山,1888
1588,能登,1886
1589,福村,1885
1590,宮前,1883
1591,柳本,1883
1592,飯尾,1882
1593,岩上,1880
1594,木元,1880
1595,安保,1873
1596,古家,1870
1597,菅田,1868
1598,本庄,1868
1599,矢内,1868
1600,柏崎,1862
1601,猪野,1860
1602,泉谷,1858
1603,逸見,1850
1604,小野塚,1850
1605,早野,1849
1606,木暮,1849
1607,門馬,1848
1608,宮永,1846
1609,江島,1845
1610,中元,1845
1611,丹治,1844
1612,笹木,1843
1613,勝野,1843
1614,水戸,1843
1615,正田,1836
1616,柳谷,1836
1617,一色,1835
1618,広野,1835
1619,渕上,1834
1620,君島,1833
1621,里見,1833
1622,立山,1832
1623,白土,1831
1624,山室,1830
1625,浦上,1824
1626,松倉,1822
1627,宮岡,1820
1628,伊賀,1818
1629,所,1815
1630,村野,1815
1631,小黒,1813
1632,中橋,1813
1633,新妻,1810
1634,羽生,1808
1635,溝上,1806
1636,田部,1804
1637,内川,1804
1638,上川,1802
1639,椎葉,1802
1640,栗栖,1800
1641,山木,1796
1642,河島,1795
1643,深瀬,1795
1644,津島,1794
1645,迫,1794
1646,新倉,1793
1647,北條,1793
1648,榎,1792
1649,杉森,1792
1650,田野,1792
1651,橋場,1789
1652,笹井,1788
1653,桝田,1788
1654,諸岡,1786
1655,竹野,1786
1656,赤川,1785
1657,木場,1785
1658,戸川,1784
1659,岩尾,1782
1660,手嶋,1782
1661,津久井,1782
1662,横沢,1781
1663,別所,1780
1664,中垣,1779
1665,寺嶋,1778
1666,石森,1773
1667,米澤,1773
1668,永谷,1771
1669,北尾,1771
1670,野瀬,1771
1671,川久保,1770
1672,堀之内,1769
1673,岡安,1767
1674,鳥井,1767
1675,八代,1767
1676,池原,1765
1677,山添,1762
1678,小柴,1757
1679,青田,1756
1680,碓井,1755
1681,岸川,1753
1682,杉岡,1752
1683,伊丹,1751
1684,香月,1751
1685,奥井,1750
1686,野津,1750
1687,藤永,1748
1688,大串,1745
1689,菱沼,1745
1690,諸橋,1742
1691,石島,1742
1692,樋渡,1741
1693,芦沢,1740
1694,中居,1740
1695,四方,1739
1696,浦山,1732
1697,神林,1731
1698,楠田,1731
1699,西嶋,1729
1700,国本,1728
1701,白浜,1727
1702,国吉,1725
1703,梅崎,1724
1704,小牧,1723
1705,引地,1722
1706,伊波,1721
1707,大垣,1721
1708,猪瀬,1720
1709,津野,1719
1710,小河,1718
1711,折原,1718
1712,谷崎,1718
1713,笠松,1717
1714,山之内,1717
1715,津川,1717
1716,向,1716
1717,深山,1713
1718,室田,1712
1719,柏,1710
1720,兵藤,1710
1721,二木,1709
1722,宮井,1707
1723,三角,1707
1724,二見,1707
1725,石谷,1706
1726,北本,1705
1727,檜山,1703
1728,嶋村,1698
1729,駒田,1696
1730,佐瀬,1694
1731,中屋,1694
1732,柚木,1694
1733,朝比奈,1693
1734,穂積,1692
1735,中畑,1691
1736,遊佐,1691
1737,峰,1689
1738,阪田,1688
1739,嵯峨,1687
1740,桑山,1686
1741,新野,1682
1742,安里,1681
1743,真島,1679
1744,島野,1679
1745,寺門,1676
1746,助川,1676
1747,泉田,1676
1748,桑名,1675
1749,根津,1675
1750,陶山,1669
1751,前沢,1667
1752,大浜,1667
1753,藤平,1666
1754,加地,1665
1755,亀岡,1663
1756,清川,1663
1757,中上,1663
1758,関戸,1656
1759,春名,1655
1760,露木,1655
1761,門間,1654
1762,岡元,1652
1763,信田,1652
1764,日吉,1652
1765,高良,1649
1766,木崎,1649
1767,山名,1648
1768,福間,1648
1769,金光,1647
1770,青井,1647
1771,浅岡,1646
1772,小早川,1645
1773,冨岡,1645
1774,田宮,1643
1775,土方,1643
1776,羽田野,1640
1777,武市,1640
1778,山辺,1637
1779,前,1637
1780,堀本,1637
1781,田仲,1636
1782,田頭,1636
1783,谷中,1635
1784,平出,1635
1785,道下,1634
1786,舘,1632
1787,松藤,1632
1788,牛山,1631
1789,仲川,1631
1790,能勢,1629
1791,浜村,1627
1792,中條,1626
1793,綿引,1626
1794,浜島,1624
1795,坂内,1623
1796,木幡,1622
1797,森内,1621
1798,東谷,1621
1799,溝渕,1620
1800,大窪,1619
1801,井内,1618
1802,山越,1618
1803,梶本,1617
1804,桜木,1616
1805,中津,1616
1806,藤代,1616
1807,大町,1614
1808,粟野,1613
1809,真木,1612
1810,船田,1611
1811,西内,1610
1812,布川,1606
1813,原野,1605
1814,宮口,1604
1815,仁木,1604
1816,谷野,1604
1817,白崎,1604
1818,板東,1604
1819,倉島,1603
1820,守谷,1601
1821,荒田,1600
1822,平澤,1600
1823,肥後,1597
1824,涌井,1594
1825,兼田,1592
1826,今津,1592
1827,竹森,1592
1828,常盤,1591
1829,櫛田,1589
1830,内堀,1589
1831,三澤,1587
1832,吉住,1586
1833,安野,1585
1834,香取,1585
1835,菱田,1585
1836,坂巻,1583
1837,茅野,1582
1838,新海,1580
1839,奥平,1579
1840,古本,1579
1841,水沢,1578
1842,永原,1577
1843,大隅,1577
1844,奥本,1576
1845,沖本,1576
1846,桐原,1575
1847,木野,1574
1848,綾部,1573
1849,北井,1572
1850,千原,1570
1851,向田,1569
1852,広井,1569
1853,川岸,1568
1854,岩川,1567
1855,沢野,1567
1856,杉,1566
1857,折田,1566
1858,田部井,1566
1859,松平,1565
1860,東郷,1564
1861,牛田,1562
1862,笹山,1562
1863,上條,1562
1864,中条,1562
1865,喜田,1560
1866,増本,1560
1867,佐古,1556
1868,大畠,1552
1869,熊木,1550
1870,漆原,1549
1871,森元,1549
1872,飯山,1546
1873,城田,1545
1874,彦坂,1544
1875,武本,1544
1876,米原,1544
1877,鈴村,1544
1878,三田村,1543
1879,河端,1542
1880,小田桐,1542
1881,千野,1540
1882,大黒,1540
1883,徳丸,1538
1884,荒巻,1534
1885,川俣,1533
1886,金崎,1532
1887,豊岡,1531
1888,三野,1530
1889,表,1530
1890,瓜生,1529
1891,仁平,1528
1892,伊佐,1526
1893,岩淵,1525
1894,田沼,1525
1895,澤,1525
1896,戸沢,1524
1897,正岡,1524
1898,谷藤,1524
1899,赤星,1520
1900,北澤,1520
1901,稲見,1519
1902,米本,1519
1903,古木,1516
1904,勝俣,1516
1905,桧垣,1516
1906,宮腰,1515
1907,福崎,1513
1908,大家,1512
1909,草薙,1510
1910,高浜,1509
1911,三戸,1509
1912,田岡,1508
1913,花房,1506
1914,大池,1506
1915,吉元,1505
1916,久我,1505
1917,小貫,1505
1918,臼田,1504
1919,遠田,1504
1920,丸谷,1504
1921,大藤,1504
1922,水落,1503
1923,梅澤,1503
1924,井藤,1501
1925,荒,1499
1926,東條,1499
1927,市田,1498
1928,大東,1498
1929,和気,1496
1930,小岩,1495
1931,柏倉,1495
1932,宮越,1494
1933,新家,1493
1934,柳生,1490
1935,松宮,1489
1936,蜂谷,1487
1937,肥田,1486
1938,宮,1484
1939,坂部,1482
1940,宇都,1481
1941,蝦名,1481
1942,市野,1481
1943,冨山,1481
1944,白坂,1480
1945,蛯名,1480
1946,吉富,1479
1947,大出,1479
1948,宇佐見,1478
1949,甲田,1477
1950,脇本,1477
1951,浜岡,1476
1952,板井,1475
1953,越田,1474
1954,佐々,1472
1955,田内,1472
1956,宮木,1471
1957,川下,1471
1958,中出,1471
1959,最上,1469
1960,江村,1466
1961,新開,1466
1962,又吉,1466
1963,武村,1464
1964,新屋,1463
1965,寺村,1462
1966,高,1461
1967,中辻,1461
1968,坂倉,1459
1969,川中,1459
1970,盛田,1457
1971,東条,1457
1972,三嶋,1456
1973,山県,1456
1974,山森,1456
1975,木口,1456
1976,今枝,1455
1977,長倉,1455
1978,吉山,1454
1979,古畑,1454
1980,丹下,1453
1981,西條,1452
1982,武智,1452
1983,寺下,1450
1984,三森,1449
1985,仲井,1448
1986,安村,1446
1987,戸高,1446
1988,寺川,1446
1989,永沢,1445
1990,谷沢,1444
1991,川元,1443
1992,押田,1442
1993,野地,1442
1994,古閑,1441
1995,宇井,1440
1996,魚住,1438
1997,権田,1438
1998,春木,1438
1999,曽田,1437
2000,澤井,1436
2001,高安,1434
2002,阪上,1433
2003,松嶋,1431
2004,新宅,1430
2005,仲谷,1430
2006,柿原,1429
2007,具志堅,1428
2008,小滝,1428
2009,南川,1425
2010,豊永,1425
2011,野元,1425
2012,中間,1423
2013,松丸,1417
2014,外川,1414
2015,各務,1414
2016,両角,1413
2017,栄,1412
2018,畑田,1412
2019,可児,1410
2020,浜谷,1409
2021,茨木,1408
2022,四宮,1408
2023,折笠,1404
2024,右田,1403
2025,植竹,1402
2026,本木,1401
2027,深町,1398
2028,藤尾,1396
2029,武部,1395
2030,峯岸,1395
2031,小路,1394
2032,福富,1394
2033,仲本,1393
2034,花村,1392
2035,笠間,1392
2036,三国,1392
2037,住友,1392
2038,稲本,1391
2039,古井,1389
2040,古林,1389
2041,中内,1388
2042,畑野,1388
2043,小野瀬,1386
2044,斎木,1385
2045,永江,1384
2046,牛尾,1384
2047,白戸,1382
2048,白沢,1382
2049,深尾,1379
2050,相場,1374
2051,住谷,1373
2052,曾根,1372
2053,樫村,1371
2054,大口,1369
2055,館野,1368
2056,生方,1368
2057,池,1368
2058,土本,1368
2059,荒牧,1367
2060,秋月,1367
2061,桑島,1364
2062,新堀,1364
2063,宇津木,1363
2064,新原,1363
2065,山尾,1362
2066,久世,1359
2067,大渕,1359
2068,上谷,1358
2069,一柳,1357
2070,尾山,1357
2071,向後,1355
2072,清,1355
2073,南野,1355
2074,瀬谷,1354
2075,安孫子,1352
2076,盛,1352
2077,稗田,1352
2078,木藤,1352
2079,越野,1351
2080,加来,1351
2081,小笹,1351
2082,箱崎,1349
2083,瀬野,1348
2084,東川,1348
2085,白水,1348
2086,花木,1347
2087,小谷野,1345
2088,深野,1344
2089,藤林,1344
2090,李,1344
2091,弓削,1340
2092,森重,1339
2093,細江,1338
2094,新名,1338
2095,豊川,1337
2096,片田,1336
2097,草場,1335
2098,種田,1333
2099,丹,1333
2100,兼松,1332
2101,谷津,1331
2102,北出,1331
2103,外崎,1329
2104,森沢,1329
2105,福谷,1329
2106,芳野,1329
2107,小野沢,1326
2108,仲間,1326
2109,白倉,1326
2110,薮内,1325
2111,権藤,1324
2112,三品,1324
2113,室谷,1323
2114,蓮見,1321
2115,馬渡,1319
2116,佐賀,1317
2117,勝見,1317
2118,辰己,1317
2119,木曽,1317
2120,熊坂,1316
2121,清藤,1315
2122,仲山,1315
2123,岩原,1314
2124,軽部,1314
2125,河瀬,1312
2126,松枝,1312
2127,上松,1312
2128,尾藤,1312
2129,平沼,1312
2130,藤城,1311
2131,衣川,1310
2132,生井,1309
2133,宮西,1307
2134,種村,1306
2135,小針,1306
2136,渡瀬,1306
2137,北嶋,1305
2138,谷田部,1303
2139,今中,1302
2140,岩木,1298
2141,杉沢,1298
2142,小南,1297
2143,蔵本,1297
2144,鶴,1296
2145,福森,1296
2146,加島,1295
2147,日浦,1295
2148,芝崎,1293
2149,辺見,1293
2150,安武,1292
2151,小形,1291
2152,大角,1291
2153,熊井,1290
2154,荻田,1289
2155,弘中,1289
2156,寺坂,1289
2157,新宮,1288
2158,武川,1288
2159,油井,1288
2160,岸上,1287
2161,香西,1286
2162,三崎,1286
2163,吉留,1284
2164,森村,1283
2165,原山,1281
2166,中浜,1280
2167,光田,1278
2168,国枝,1278
2169,十河,1278
2170,浅原,1278
2171,浅倉,1275
2172,澤村,1275
2173,寒川,1274
2174,西塚,1274
2175,池辺,1274
2176,島谷,1274
2177,押川,1273
2178,横手,1272
2179,阪井,1271
2180,石松,1271
2181,谷脇,1268
2182,磯谷,1267
2183,南谷,1267
2184,金岡,1266
2185,池端,1266
2186,野川,1266
2187,穴井,1265
2188,北谷,1265
2189,薬師寺,1263
2190,尾野,1261
2191,永見,1260
2192,松江,1260
2193,横江,1257
2194,梶野,1257
2195,坂入,1257
2196,轟,1256
2197,蒔田,1255
2198,尾島,1255
2199,堀野,1255
2200,小畠,1254
2201,祖父江,1254
2202,箕浦,1254
2203,増渕,1253
2204,笹野,1252
2205,武居,1252
2206,荘司,1249
2207,稲岡,1248
2208,掛川,1248
2209,土山,1248
2210,浅尾,1247
2211,南出,1246
2212,番場,1246
2213,椎野,1245
2214,徳重,1244
2215,浮田,1244
2216,上本,1243
2217,筧,1242
2218,斉木,1241
2219,赤崎,1241
2220,木津,1241
2221,浦崎,1239
2222,長塚,1237
2223,玉村,1236
2224,島貫,1236
2225,野々山,1236
2226,柳下,1236
2227,市岡,1235
2228,瀬口,1235
2229,竹尾,1234
2230,蔭山,1232
2231,池沢,1232
2232,藤元,1232
2233,真崎,1231
2234,岡沢,1230
2235,五月女,1230
2236,濱口,1230
2237,増永,1229
2238,名和,1228
2239,宇山,1226
2240,広島,1226
2241,酒巻,1225
2242,郡,1222
2243,倉内,1222
2244,楢崎,1222
2245,本城,1222
2246,丸本,1221
2247,瀬田,1219
2248,成川,1218
2249,東原,1217
2250,丸井,1216
2251,久保木,1216
2252,近野,1216
2253,沼沢,1215
2254,藤吉,1215
2255,浜川,1215
2256,藤堂,1213
2257,山家,1212
2258,早乙女,1211
2259,尾花,1210
2260,吉江,1209
2261,竹崎,1209
2262,近田,1208
2263,小向,1208
2264,大北,1208
2265,古城,1207
2266,入沢,1207
2267,矢嶋,1206
2268,平瀬,1205
2269,笹島,1203
2270,諸星,1203
2271,西畑,1203
2272,水村,1202
2273,羽山,1201
2274,笹森,1200
2275,堀切,1200
2276,石澤,1199
2277,中武,1199
2278,田尾,1199
2279,井元,1197
2280,香山,1197
2281,矢萩,1197
2282,西中,1196
2283,仲西,1196
2284,猿田,1194
2285,久保山,1194
2286,大戸,1194
2287,古庄,1193
2288,猪又,1193
2289,関田,1192
2290,猪原,1192
2291,会沢,1191
2292,鶴巻,1191
2293,浅香,1190
2294,藤沼,1190
2295,衣笠,1187
2296,小河原,1187
2297,石飛,1187
2298,畠,1187
2299,串田,1186
2300,山北,1186
2301,清宮,1184
2302,根来,1183
2303,東出,1183
2304,白神,1183
2305,舟木,1182
2306,興梠,1181
2307,若尾,1181
2308,西坂,1181
2309,只野,1181
2310,新沼,1180
2311,岩松,1179
2312,須川,1179
2313,滝澤,1179
2314,土門,1179
2315,鴨志田,1178
2316,小磯,1178
2317,武,1178
2318,樋田,1177
2319,峰岸,1177
2320,八木橋,1176
2321,木全,1176
2322,奥川,1175
2323,赤津,1175
2324,徳本,1175
2325,淵上,1174
2326,与那嶺,1173
2327,恒川,1170
2328,室,1169
2329,谷井,1169
2330,逢坂,1168
2331,仲里,1168
2332,中越,1167
2333,稲毛,1166
2334,前村,1166
2335,渡,1165
2336,倉林,1164
2337,田平,1164
2338,飯泉,1164
2339,薮田,1163
2340,長橋,1162
2341,高岸,1160
2342,岡井,1158
2343,中矢,1158
2344,西条,1157
2345,光永,1154
2346,出井,1153
2347,鷹野,1151
2348,名越,1151
2349,寒河江,1150
2350,西部,1150
2351,柴野,1149
2352,大室,1149
2353,徳留,1149
2354,岩澤,1148
2355,北見,1148
2356,舟山,1147
2357,水沼,1147
2358,豊嶋,1147
2359,俵,1146
2360,黒坂,1145
2361,上間,1145
2362,田浦,1144
2363,熱田,1144
2364,北崎,1144
2365,野木,1143
2366,鵜沢,1142
2367,神村,1142
2368,田子,1142
2369,福西,1142
2370,宗,1141
2371,深堀,1141
2372,陣内,1141
2373,辻川,1141
2374,渡会,1141
2375,伴野,1141
2376,井澤,1140
2377,船戸,1140
2378,濱崎,1140
2379,今関,1139
2380,葉山,1139
2381,城山,1138
2382,成松,1138
2383,由井,1138
2384,井筒,1137
2385,南波,1135
2386,尾方,1135
2387,松森,1134
2388,山梨,1133
2389,館,1128
2390,戸崎,1128
2391,加古,1127
2392,細木,1127
2393,成島,1126
2394,竹岡,1126
2395,野見山,1126
2396,広木,1125
2397,繁田,1124
2398,里,1124
2399,伊井,1123
2400,糟谷,1121
2401,戸井田,1119
2402,寺澤,1119
2403,越後,1118
2404,岩根,1118
2405,氏原,1117
2406,藤波,1117
2407,茶谷,1116
2408,長峰,1116
2409,綱島,1114
2410,利根川,1114
2411,蒲生,1112
2412,長原,1112
2413,嶋津,1111
2414,大塩,1110
2415,宇賀神,1109
2416,世古,1109
2417,瀬古,1109
2418,生野,1107
2419,富澤,1107
2420,家田,1106
2421,古内,1106
2422,佐治,1106
2423,春原,1106
2424,天田,1106
2425,不破,1106
2426,矢代,1106
2427,御手洗,1104
2428,金村,1101
2429,郷,1100
2430,百田,1100
2431,柳橋,1100
2432,丸橋,1099
2433,森藤,1099
2434,仙田,1099
2435,蓮沼,1099
2436,横谷,1097
2437,稲吉,1096
2438,庄野,1096
2439,高藤,1095
2440,溝田,1092
2441,三宮,1091
2442,永沼,1090
2443,横地,1090
2444,関山,1090
2445,中丸,1090
2446,管野,1089
2447,大中,1089
2448,播磨,1088
2449,小園,1087
2450,葛原,1086
2451,鴫原,1086
2452,松波,1086
2453,富井,1086
2454,外間,1085
2455,古藤,1085
2456,橋村,1083
2457,新見,1083
2458,一木,1082
2459,黒柳,1081
2460,城野,1081
2461,奥津,1080
2462,吉谷,1080
2463,桃井,1080
2464,中神,1079
2465,下里,1078
2466,倉沢,1078
2467,伊澤,1076
2468,雑賀,1076
2469,本宮,1076
2470,籾山,1075
2471,久富,1073
2472,比留間,1073
2473,元田,1072
2474,西方,1072
2475,川勝,1072
2476,夏井,1071
2477,山科,1071
2478,西元,1071
2479,朝田,1071
2480,瀬下,1070
2481,笹谷,1069
2482,浜辺,1069
2483,野末,1069
2484,脇山,1067
2485,占部,1065
2486,岩月,1064
2487,打越,1064
2488,柿木,1062
2489,江森,1062
2490,古村,1061
2491,米津,1061
2492,海老名,1060
2493,生田目,1059
2494,築地,1059
2495,牧原,1058
2496,赤田,1057
2497,八木沢,1057
2498,福家,1057
2499,仮屋,1056
2500,川戸,1056
2501,泊,1056
2502,井下,1055
2503,新井田,1055
2504,長南,1055
2505,梶浦,1054
2506,植原,1053
2507,粟田,1052
2508,森木,1052
2509,友利,1052
2510,佐橋,1050
2511,竹花,1050
2512,出水,1049
2513,金内,1048
2514,畔柳,1046
2515,堀池,1046
2516,榎田,1045
2517,小板橋,1044
2518,田谷,1044
2519,高澤,1043
2520,沖山,1041
2521,渋沢,1041
2522,土佐,1041
2523,木川,1041
2524,光岡,1040
2525,山野井,1040
2526,友野,1040
2527,沢木,1039
2528,白山,1038
2529,稲井,1037
2530,月岡,1037
2531,岩波,1036
2532,千賀,1035
2533,宝田,1035
2534,花輪,1034
2535,縄田,1034
2536,旭,1033
2537,花本,1033
2538,干場,1033
2539,立木,1033
2540,戸部,1032
2541,豊福,1032
2542,宮園,1031
2543,高根,1031
2544,今福,1030
2545,戸松,1029
2546,水津,1029
2547,宮平,1028
2548,井谷,1026
2549,増淵,1026
2550,鳥飼,1026
2551,野辺,1026
2552,伊奈,1025
2553,滑川,1024
2554,宍倉,1024
2555,池尻,1024
2556,田邊,1023
2557,鴇田,1023
2558,末田,1023
2559,橋野,1022
2560,上妻,1021
2561,世良,1020
2562,与那覇,1018
2563,池口,1017
2564,纐纈,1017
2565,槙,1016
2566,中鉢,1015
2567,網野,1015
2568,細貝,1014
2569,丸野,1013
2570,五十川,1013
2571,曾我,1013
2572,早崎,1013
2573,柄沢,1013
2574,森上,1012
2575,駒形,1011
2576,君塚,1011
2577,瀬崎,1011
2578,棚田,1011
2579,池崎,1011
2580,伊吹,1009
2581,伊地知,1009
2582,新島,1009
2583,川津,1009
2584,築山,1009
2585,小石,1008
2586,日暮,1008
2587,美馬,1008
2588,蒲原,1007
2589,棟方,1007
2590,斎田,1005
2591,糸川,1005
2592,崎田,1003
2593,小野里,1003
2594,沼倉,1003
2595,茂呂,1003
2596,立松,1002
2597,熊澤,1001
2598,佐渡,1001
2599,郡山,1000
2600,高見沢,1000
2601,猪口,1000
2602,矢澤,1000
2603,鬼沢,999
2604,府川,999
2605,池村,998
2606,門倉,998
2607,冨樫,997
2608,山部,996
2609,蛯原,996
2610,薗田,995
2611,鏡,994
2612,市来,994
2613,水嶋,994
2614,西郷,993
2615,青沼,993
2616,谷島,993
2617,大隈,992
2618,重村,991
2619,沼尻,991
2620,円谷,990
2621,白根,990
2622,平子,990
2623,水木,989
2624,兼平,988
2625,穴沢,987
2626,中馬,987
2627,春日井,986
2628,西林,986
2629,秋野,985
2630,久永,983
2631,勝,983
2632,有沢,983
2633,久原,982
2634,戸島,982
2635,糸賀,982
2636,種市,982
2637,代田,982
2638,若原,981
2639,水間,981
2640,登坂,981
2641,岩山,980
2642,杉尾,980
2643,川満,980
2644,八尋,980
2645,下条,979
2646,加川,979
2647,砂原,979
2648,常田,979
2649,辻岡,979
2650,有坂,979
2651,山藤,978
2652,鍛治,978
2653,花島,976
2654,芥川,976
2655,笹倉,976
2656,若生,976
2657,武富,976
2658,宮元,975
2659,近,975
2660,財津,975
2661,若宮,975
2662,出村,975
2663,栗城,974
2664,板野,974
2665,大神,973
2666,鶴谷,973
2667,田澤,973
2668,嶋本,973
2669,高間,972
2670,本吉,971
2671,吾妻,970
2672,庄田,970
2673,竹口,970
2674,宮路,969
2675,高下,969
2676,舘野,968
2677,浜地,968
2678,苅谷,967
2679,剣持,967
2680,増川,967
2681,国広,966
2682,杉下,965
2683,入山,965
2684,小中,964
2685,梅谷,963
2686,阿比留,962
2687,上平,962
2688,楢原,962
2689,笹尾,961
2690,山沢,961
2691,神宮,961
2692,竹澤,961
2693,梅山,961
2694,赤瀬,960
2695,滝野,960
2696,富川,960
2697,公文,959
2698,新木,958
2699,福重,958
2700,桂川,957
2701,馬越,956
2702,横瀬,955
2703,喜屋武,955
2704,室伏,955
2705,南里,955
2706,今城,954
2707,笹沼,954
2708,富塚,954
2709,一宮,953
2710,亀川,953
2711,芝原,953
2712,秦野,952
2713,島岡,952
2714,湯原,952
2715,稲富,951
2716,宮森,951
2717,香田,951
2718,仙石,951
2719,大金,950
2720,萩尾,949
2721,川手,948
2722,元山,947
2723,神藤,947
2724,大園,947
2725,稲生,946
2726,込山,946
2727,潮田,946
2728,道上,946
2729,尾川,946
2730,幸,945
2731,村崎,945
2732,梅川,945
2733,黒沼,943
2734,楠木,943
2735,八尾,943
2736,横倉,942
2737,横堀,942
2738,鍋田,941
2739,立原,941
2740,稲森,940
2741,大蔵,940
2742,濱野,939
2743,梅林,938
2744,淡路,937
2745,永嶋,936
2746,高口,934
2747,鴨川,933
2748,山道,933
2749,周藤,933
2750,出原,933
2751,貝塚,932
2752,古舘,932
2753,鏑木,932
2754,本川,932
2755,古里,931
2756,若菜,931
2757,石見,931
2758,奈須,931
2759,岡嶋,930
2760,矢倉,930
2761,黒石,929
2762,小長谷,928
2763,横塚,927
2764,安楽,926
2765,安間,926
2766,川浪,926
2767,檜垣,926
2768,高屋,925
2769,杉井,925
2770,倉地,924
2771,萩谷,924
2772,磯山,922
2773,蟹江,922
2774,橘田,921
2775,三石,921
2776,北爪,921
2777,関沢,920
2778,三代,920
2779,新津,920
2780,小見山,919
2781,湯山,919
2782,二川,919
2783,源,918
2784,下岡,917
2785,上嶋,917
2786,当山,917
2787,蓬田,917
2788,喜納,916
2789,星山,915
2790,江沢,914
2791,紙谷,914
2792,入口,914
2793,芹澤,913
2794,勝木,913
2795,小浦,912
2796,打田,912
2797,白幡,912
2798,蓑田,912
2799,荒尾,911
2800,沢崎,911
2801,中家,911
2802,浅海,910
2803,藤中,910
2804,徳原,910
2805,荒瀬,909
2806,橋元,908
2807,重野,908
2808,西平,908
2809,増岡,908
2810,知久,908
2811,猪飼,906
2812,磯辺,905
2813,外村,905
2814,増沢,905
2815,張替,905
2816,重本,904
2817,神代,904
2818,八鍬,904
2819,窪,903
2820,玉野,902
2821,上中,902
2822,藤生,902
2823,片寄,902
2824,堅田,901
2825,柏谷,901
2826,細矢,899
2827,赤沼,899
2828,南條,899
2829,菊谷,898
2830,市瀬,898
2831,舛田,898
2832,江端,897
2833,堀場,897
2834,安宅,896
2835,昆,896
2836,西海,896
2837,池戸,896
2838,菅生,894
2839,菅沢,894
2840,津山,893
2841,石堂,892
2842,浜名,891
2843,濱本,891
2844,樫本,890
2845,堂本,890
2846,久住,889
2847,六車,889
2848,広中,888
2849,十川,888
2850,沼尾,888
2851,立田,888
2852,山賀,886
2853,横関,885
2854,下原,885
2855,高平,884
2856,秋庭,884
2857,先崎,884
2858,瀧澤,884
2859,末岡,884
2860,守山,882
2861,花谷,881
2862,川路,881
2863,前畑,880
2864,江幡,879
2865,鹿内,879
2866,斉田,879
2867,今里,878
2868,桶谷,877
2869,吉池,877
2870,増野,877
2871,村島,877
2872,中筋,877
2873,山縣,876
2874,水原,876
2875,安斉,875
2876,伊田,875
2877,宮谷,875
2878,赤城,875
2879,津崎,875
2880,渋田,874
2881,新庄,873
2882,高取,872
2883,新岡,872
2884,菅家,872
2885,川部,872
2886,瀧本,872
2887,阿保,871
2888,永友,871
2889,高部,871
2890,寺口,871
2891,倉岡,870
2892,間,869
2893,小阪,869
2894,針谷,869
2895,木部,869
2896,永石,868
2897,河原崎,868
2898,海藤,868
2899,渋川,868
2900,小峯,868
2901,神長,868
2902,谷垣,868
2903,上月,867
2904,横島,866
2905,弘田,866
2906,楠原,866
2907,飯岡,866
2908,新納,865
2909,下島,864
2910,吉浦,864
2911,植山,864
2912,与儀,864
2913,五藤,863
2914,上出,863
2915,大瀬,863
2916,池山,863
2917,津曲,863
2918,毛塚,863
2919,花沢,861
2920,笹,861
2921,上,860
2922,安食,859
2923,秋谷,859
2924,石戸,859
2925,当間,859
2926,峯村,859
2927,古館,858
2928,高階,858
2929,三塚,858
2930,中口,858
2931,田窪,858
2932,油谷,858
2933,臼杵,857
2934,霜田,856
2935,本谷,856
2936,間野,855
2937,室岡,855
2938,安富,854
2939,岩堀,854
2940,原沢,854
2941,水元,854
2942,藤浪,854
2943,羽根,852
2944,黒野,852
2945,上遠野,852
2946,箭内,852
2947,角井,851
2948,横須賀,850
2949,大類,850
2950,満田,850
2951,関原,848
2952,戸嶋,848
2953,小城,848
2954,森原,848
2955,勝亦,847
2956,足達,847
2957,大地,847
2958,唐木,847
2959,久慈,846
2960,浅賀,846
2961,卜部,846
2962,吉尾,845
2963,水川,845
2964,隈元,844
2965,三吉,844
2966,小尾,844
2967,大嶽,844
2968,有山,844
2969,梨本,844
2970,小枝,843
2971,桧山,843
2972,安島,842
2973,勝間田,841
2974,福澤,841
2975,明神,841
2976,嘉数,839
2977,柿田,839
2978,柴垣,839
2979,楠瀬,839
2980,久下,838
2981,芦川,837
2982,照沼,837
2983,都丸,837
2984,美濃,837
2985,有井,836
2986,弓場,835
2987,中司,835
2988,直江,835
2989,酒匂,834
2990,榛葉,834
2991,水井,834
2992,土江,834
2993,喜多村,833
2994,大日方,833
2995,丸,832
2996,宮林,832
2997,森園,832
2998,田邉,832
2999,澁谷,832
3000,樫原,831
